Query	Path	Length	Query covered by path	Query covered by hits	Mean hit identity	Total hit mismatches	Total hit gap opens	Relative length	Length discrepancy	E-value product	Sequence
gb|AE006468.2|+|1707351-1707789|ARO:3002571|AAC(6')-Iaa	(3687) 118828- (4123)	437	100%	100%	96.58%	14	1	99.7717%	-1	0	ATGGACATCAGGCAAATGAACAGAACCCATCTGGATCACTGGCGCGGATTGCGAAAACAGCTCTGGCCCGGTCACCCGGATGACGCCCATCTGGCAGACGGCGAAGAAATCCTGCAAGCCGATCATTTGGCATCATTTGTTGCGATGGCAGACGGGGTGCGATTGGCTTTGCGGATGCCTCAATCCGCCACGATTATGTCAATGGCTGTGACAGTTCGCCCGTGGCTTTTCTTGAAGGTATTTTTGTTCTCCCCTCGTTCCGTCAACGCGGCGTAGCGAAACAATTGATTGCAGCGGTGCAACGATGGGGAACGAATAAAGGGTGTCGGGAAATGGCCTCTGATACCACGCCGGAAAATACAATTTCCCAGAAAGTTCACCTGGCATTAGGATTTGAGGAAACAGAGCGCGTCATTTTCTACCGGAAGCGTTGTTGA
gb|AF144880|+|3541-3979|ARO:3002569|AAC(6')-Iy	(3687) 118828- (4123)	437	100%	100%	96.12%	16	1	99.7717%	-1	0	ATGGACATCAGGCAAATGAACAGAACCCATCTGGATCACTGGCGCGGATTGCGAAAACAGCTCTGGCCCGGTCACCCGGATGACGCCCATCTGGCAGACGGCGAAGAAATCCTGCAAGCCGATCATTTGGCATCATTTGTTGCGATGGCAGACGGGGTGCGATTGGCTTTGCGGATGCCTCAATCCGCCACGATTATGTCAATGGCTGTGACAGTTCGCCCGTGGCTTTTCTTGAAGGTATTTTTGTTCTCCCCTCGTTCCGTCAACGCGGCGTAGCGAAACAATTGATTGCAGCGGTGCAACGATGGGGAACGAATAAAGGGTGTCGGGAAATGGCCTCTGATACCACGCCGGAAAATACAATTTCCCAGAAAGTTCACCTGGCATTAGGATTTGAGGAAACAGAGCGCGTCATTTTCTACCGGAAGCGTTGTTGA
gb|X02340.1|+|222-1194|ARO:3004089|ANT(3'')-IIa	(378) 28874510+	935	96.6049%	96.6049%	99.47%	1	2	99.574%	-4	0	GTGGTAACGGCGCAGTGGCGGTTTTCATGGCTTGTTATGACTGTTTTTTTGGGGTACAGTCTATGCCTCGGGCATCCAAGCAGCAAGCGCGTTACGCCGTGGGTCGATGTTTGATGTTATGGAGCAGCAACGATGTTACGCAGCAGGGCAGTCGCCCTAAAACAAAGTTAAACATCATGAGGGAAGCGGTGATCGCCGAAGTATCGACTCAACTATCAGAGGTAGTTGGCGTCATCGAGCGCCATCTCGAACCGACGTTGCTGGCCGTACATTTGTACGGCTCCGCAGTGGATGGCGGCCTGAAGCCACACAGTGATATTGATTTGCTGGTTACGGTGACCGTAAGGCTTGATGAAACAACGCGGCGAGCTTTGATCAACGACCTTTTGGAAACTTCGGCTTCCCCTGGAGAGAGCGAGATTCTCCGCGCTGTAGAAGTCACCATTGTTGTGCACGACGACATCATTCCGTGGCGTTATCCAGCTAAGCGCGAACTGCAATTTGGAGAATGGCAGCGCAATGACATTCTTGCAGGTATCTTCGAGCCAGCGACGATCGACATTGATCTGGCTATCTTGCTGACAAAAGCAAGAGAACATAGCGTTGCCTTGGTAGGTCCAGCGGCGGAGGAACTCTTTGATCCGGTTCCTGAACAGGATCTATTTGAGGCGCTAAATGAAACCTTAACGCTATGGAACTCGCCGCCCGACTGGGCTGGCGATGAGCGAAATGTAGTGCTTACGTTGTCCCGCATTTGGTACAGCGCAGTAACCGGCAAAATCGCGCCGAAGGATGTCGCTGCCGACTGGGCAATGGAGCGCCTGCCGGCCCAGTATCAGCCCGTCATACTTGAAGCTAGACAGGCTTATCTTGGACAAGAAGAAGATCGCTTGGCCTCGCGCGCAGATCAGTTGGAAGAATTTGTCCACTACGTG
gb|AF313472|+|15593-16397|ARO:3002639|APH(3'')-Ib	(1326) 2007548+ (2129)	804	100%	100%	99.88%	1	0	100%	0	0	TTGAATCGAACTAATATTTTTTTTGGTGAATCGCATTCTGACTGGTTGCCTGTCAGAGGCGGAGAATCTGGTGATTTTGTTTTTCGACGTGGTGACGGGCATGCCTTCGCGAAAATCGCACCTGCTTCCCGCCGCGGTGAGCTCGCTGGAGAGCGTGACCGCCTCATTTGGCTCAAAGGTCGAGGTGTGGCTTGCCCCGAGGTGATCAACTGGCAGGAGGAACAGGAGGGTGCATGCTTGGTGATAACGGCAATTCCGGGAGTACCGGCGGCTGATCTGTCTGGAGCGGATTTGCTCAAAGCGTGGCCGTCAATGGGGCAGCAACTTGGCGCTGTTCACAGCCTATCGGTTGATCAATGTCCGTTTGAGCGCAGGCTGTCGCGAATGTTCGGACGCGCCGTTGATGTGGTGTCCCGCAATGCCGTCAATCCCGACTTCTTACCGGACGAGGACAAGAGTACGCCGCAGCTCGATCTTTTGGCTCGTGTCGAACGAGAGCTACCGGTGCGGCTCGACCAAGAGCGCACCGATATGGTTGTTTGCCATGGTGATCCCTGCATGCCGAACTTCATGGTGGACCCTAAAACTCTTCAATGCACGGGTCTGATCGACCTTGGGCGGCTCGGAACAGCAGATCGCTATGCCGATTTGGCACTCATGATTGCTAACGCCGAAGAGAACTGGGCAGCGCCAGATGAAGCAGAGCGCGCCTTCGCTGTCCTATTCAATGTATTGGGGATCGAAGCCCCCGACCGCGAACGCCTTGCCTTCTATCTGCGATTGGACCCTCTGACTTGGGGTTGA
gb|AF024602|+|3155-3992|ARO:3002660|APH(6)-Id	(2129) 2007548+ (2965)	837	100%	100%	99.76%	2	0	100%	0	0	ATGTTCATGCCGCCTGTTTTTCCTGCTCATTGGCACGTTTCGCAACCTGTTCTCATTGCGGACACCTTTTCCAGCCTCGTTTGGAAAGTTTCATTGCCAGACGGGACTCCTGCAATCGTCAAGGGATTGAAACCTATAGAAGACATTGCTGATGAACTGCGCGGGGCCGACTATCTGGTATGGCGCAATGGGAGGGGAGCAGTCCGGTTGCTCGGTCGTGAGAACAATCTGATGTTGCTCGAATATGCCGGGGAGCGAATGCTCTCTCACATCGTTGCCGAGCACGGCGACTACCAGGCGACCGAAATTGCAGCGGAACTAATGGCGAAGCTGTATGCCGCATCTGAGGAACCCCTGCCTTCTGCCCTTCTCCCGATCCGGGATCGCTTTGCAGCTTTGTTTCAGCGGGCGCGCGATGATCAAAACGCAGGTTGTCAAACTGACTACGTCCACACGGCGATTATAGCCGATCAAATGATGAGCAATGCCTCGGAACTGCGTGGGCTACATGGCGATCTGCATCATGAAAACATCATGTTCTCCAGTCGCGGCTGGCTGGTGATAGATCCCGTCGGTCTGGTCGGTGAAGTGGGCTTTGGCGCCGCCAATATGTTCTACGATCCGGCTGACAGAGACGACCTTTGTCTCGATCCTAGACGCATTGCACAGATGGCGGACGCATTCTCTCGTGCGCTGGACGTCGATCCGCGTCGCCTGCTCGACCAGGCGTACGCTTATGGGTGCCTTTCCGCAGCTTGGAACGCGGATGGAGAAGAGGAGCAACGCGATCTAGCTATCGCGGCCGCGATCAAGCAGGTGCGACAGACGTCATACTAG
gb|AB765395|+|0-1143|ARO:3002993|AQU-1	(24879) 2079546- (26021)	1143	100%	100%	97.29%	31	0	100%	0	0	ATGAAGCAAACCTCACCCTTGTCGTTGCTGGCGCTGAGCGCCCTGCTGCTGTCGCCCCTCACCCAGGCCGCTCCCGCCGATCCGCTGGTCGGGGTAGTGGATGACGTCATTCGTCCGCTGGTGAAAGAGCACAGGATCCCGGGCATGGCGGTCGCCGTGCTGAAGGGGGGGCAGGCCCACTACTTCAACTACGGGGTTGCCGAGCTGGCAACGGGGAAGAAGGTCAGCGAGCAGACCCTGTTCGAGATTGGCTCGGTCAGCAAGACCCTGACCGCGACCCTGGGGGCCTACGCCGTGGTCAAGGGGAGCATTGGGCTGGATGACAAGGTGAGCCGGCACGCTCCCTGGCTCAAGGGCTCCGCCTTTGATGGCATTACCATGGCCGAGCTTGCCACTTACAGTGCCGGGGGCCTGCCGCTGCAATTCCCCGACGAGGTGGAATCGCTCGAGCAGATGCAGGCTTACTATCGCCAGTGGACGCCGGCCTATCAACCAGGCAGCCATCGCCAGTACTCCAACCCCAGTATCGGCCTGTTCGGCTATCTGGCGGCGAGCAGTCTGCAGCAGCCGTTTGCCCAGTTGATGGAGCAGACCCTGCTGCCAGGGCTCGGCCTGCATCACACCTATATCAATGTGCCTAAGCAGGCGATGGCGAACTACGCCTATGGCTATTCGAAAGAGGACAAGCCCATCAGGGTCACGCCAGGGGTGCTGGCGGACGAGGCCTACGGCATCAAGACCAGCTCGGCGGATCTGCTCGCCTTCGTGAAGGCCAACATCAACGGGGTGGATGACAAGGGGTTGCAGCAGGCCATCGCCTTGACCCACCAGGGGCACTACTCGGTAGGTGGGATGACCCAGGGACTGGGCTGGGAGAGTTACCCCTATCCGGTCAGCGAGCAGGTGCTGCTGGCAGGCAACTCGGCCCAGGTGATCATGAAGGCCAATCCGACGACGGCCGCGCCGAAGGAGATGGGGAACCAGCGGCTCTTCAACAAGACCGGCTCGACCAACGGCTTTGGCGCCTATGTGGCCTTCGTGCCGGCCAAGGGAGTGGGCATCGTCATGCTGGCCAACCGCAACTACCCCATCCAGGAGAGGGTAAAGGCGGCCCACGCCATCCTGAGCAAGCTGGCTCCCTGA
gb|KF730243.1|+|0-1143|ARO:3004647|AQU-2	(24879) 2079546- (26021)	1143	100%	100%	97.29%	31	0	100%	0	0	ATGAAGCAAACCTCACCCTTGTCGTTGCTGGCGCTGAGCGCCCTGCTGCTGTCGCCCCTCACCCAGGCCGCTCCCGCCGATCCGCTGGTCGGGGTAGTGGATGACGTCATTCGTCCGCTGGTGAAAGAGCACAGGATCCCGGGCATGGCGGTCGCCGTGCTGAAGGGGGGGCAGGCCCACTACTTCAACTACGGGGTTGCCGAGCTGGCAACGGGGAAGAAGGTCAGCGAGCAGACCCTGTTCGAGATTGGCTCGGTCAGCAAGACCCTGACCGCGACCCTGGGGGCCTACGCCGTGGTCAAGGGGAGCATTGGGCTGGATGACAAGGTGAGCCGGCACGCTCCCTGGCTCAAGGGCTCCGCCTTTGATGGCATTACCATGGCCGAGCTTGCCACTTACAGTGCCGGGGGCCTGCCGCTGCAATTCCCCGACGAGGTGGAATCGCTCGAGCAGATGCAGGCTTACTATCGCCAGTGGACGCCGGCCTATCAACCAGGCAGCCATCGCCAGTACTCCAACCCCAGTATCGGCCTGTTCGGCTATCTGGCGGCGAGCAGTCTGCAGCAGCCGTTTGCCCAGTTGATGGAGCAGACCCTGCTGCCAGGGCTCGGCCTGCATCACACCTATATCAATGTGCCTAAGCAGGCGATGGCGAACTACGCCTATGGCTATTCGAAAGAGGACAAGCCCATCAGGGTCACGCCAGGGGTGCTGGCGGACGAGGCCTACGGCATCAAGACCAGCTCGGCGGATCTGCTCGCCTTCGTGAAGGCCAACATCAACGGGGTGGATGACAAGGGGTTGCAGCAGGCCATCGCCTTGACCCACCAGGGGCACTACTCGGTAGGTGGGATGACCCAGGGACTGGGCTGGGAGAGTTACCCCTATCCGGTCAGCGAGCAGGTGCTGCTGGCAGGCAACTCGGCCCAGGTGATCATGAAGGCCAATCCGACGACGGCCGCGCCGAAGGAGATGGGGAACCAGCGGCTCTTCAACAAGACCGGCTCGACCAACGGCTTTGGCGCCTATGTGGCCTTCGTGCCGGCCAAGGGAGTGGGCATCGTCATGCTGGCCAACCGCAACTACCCCATCCAGGAGAGGGTAAAGGCGGCCCACGCCATCCTGAGCAAGCTGGCTCCCTGA
gb|KF730244.1|+|0-1149|ARO:3004648|AQU-3	(24879) 2079546- (26021)	1143	100%	100%	96.09%	35	8	99.4778%	-6	0	ATGAAGCAAACCTCACCCTTGTCGTTGCTGGCGCTGAGCGCCCTGCTGCTGTCGCCCCTCACCCAGGCCGCTCCCGCCGATCCGCTGGTCGGGGTAGTGGATGACGTCATTCGTCCGCTGGTGAAAGAGCACAGGATCCCGGGCATGGCGGTCGCCGTGCTGAAGGGGGGGCAGGCCCACTACTTCAACTACGGGGTTGCCGAGCTGGCAACGGGGAAGAAGGTCAGCGAGCAGACCCTGTTCGAGATTGGCTCGGTCAGCAAGACCCTGACCGCGACCCTGGGGGCCTACGCCGTGGTCAAGGGGAGCATTGGGCTGGATGACAAGGTGAGCCGGCACGCTCCCTGGCTCAAGGGCTCCGCCTTTGATGGCATTACCATGGCCGAGCTTGCCACTTACAGTGCCGGGGGCCTGCCGCTGCAATTCCCCGACGAGGTGGAATCGCTCGAGCAGATGCAGGCTTACTATCGCCAGTGGACGCCGGCCTATCAACCAGGCAGCCATCGCCAGTACTCCAACCCCAGTATCGGCCTGTTCGGCTATCTGGCGGCGAGCAGTCTGCAGCAGCCGTTTGCCCAGTTGATGGAGCAGACCCTGCTGCCAGGGCTCGGCCTGCATCACACCTATATCAATGTGCCTAAGCAGGCGATGGCGAACTACGCCTATGGCTATTCGAAAGAGGACAAGCCCATCAGGGTCACGCCAGGGGTGCTGGCGGACGAGGCCTACGGCATCAAGACCAGCTCGGCGGATCTGCTCGCCTTCGTGAAGGCCAACATCAACGGGGTGGATGACAAGGGGTTGCAGCAGGCCATCGCCTTGACCCACCAGGGGCACTACTCGGTAGGTGGGATGACCCAGGGACTGGGCTGGGAGAGTTACCCCTATCCGGTCAGCGAGCAGGTGCTGCTGGCAGGCAACTCGGCCCAGGTGATCATGAAGGCCAATCCGACGACGGCCGCGCCGAAGGAGATGGGGAACCAGCGGCTCTTCAACAAGACCGGCTCGACCAACGGCTTTGGCGCCTATGTGGCCTTCGTGCCGGCCAAGGGAGTGGGCATCGTCATGCTGGCCAACCGCAACTACCCCATCCAGGAGAGGGTAAAGGCGGCCCACGCCATCCTGAGCAAGCTGGCTCCCTGA
gb|AL009126|+|916777-919348|ARO:3003324|Bacillus_subtilis_mprF	(127270) 1355660+ (129840)	2571	100%	100%	98.29%	44	0	100%	0	0	TTGCTGATTAAAAAGAATGCTTTATCAATATTAAAAATCGTTTTTCCTATTGCTGTTTTGCTATTTGTTATTTATCAATCGAAAAAAGAACTGACAAATCTGTCTTTCAAACGTACGCTCATGGTCATCAACGGACTGGAACGAACGGACTTATTCATGCTTGTGTTGATCGGCTTGCTGGCTGTTGCGGCCATGTCGCTGTATGATTACGTCCTGAAATACTCACTGCGTCTATCGATCACAAACGGAAAAGTATTCAGGGTTTCCTGGATCGCCAATTCATTTAATAATGTCCTGGGCTTCGGCGGTTTAGCCGGCGTCGGGTTAAGAATGATGTTCTATAAGGAGCATACGAAAGACCATAAGGCACTCGTGAAAGGAATCGCCTGGCTCACATCATCTATGCTGCTCGGATTATCTGTTTTCAGCATTTTCGTCGCTGCGAGAGTGCTGCCAGTGGATGAAGTGATTCATGAAAAGCCTTGGCTATGGGCGGTCGTTATCGGTTTTGCGCTGATATTGCCGCTGTCTTTGGCGGTGTCCAAAATAAAAGACCGCAAAGCTGGGGACGAAGAGAATGCGGATAAAGTGAAAAATCCGATTTTCGCATATATTGGAGCTTCAGTTGTTGAATGGCTCATGGCCGGGATCGTCATCTATTTTGCTTTGTTCGCTATGGGCATTCATGCAGATATCAGGTATGTGTTCGGGGTGTTCGTCATTGCGGCGATCGGAGGAATGATCAGCCTCGTGCCGGGCGGCTTCGGCTCGTTTGACCTTTTATTTTTGCTGGGGATGGAGCAGCTTGGCTATCATCAAGAGGCCATCGTTACTTCTATTGTGTTGTACAGGCTCGCCTACTCATTTATCCCATTTATCTTGGGACTGTTCTTTGCCGCCGGCGACCTGACGGAAAATACAATGAAGCGGCTCGAAACGAACCCGCGCATCGCACCGGCAATTGAGACGACAAACGTTCTGCTTGTTGTTCAGCGTGCGGTATTAGTGAGAATTTTGCAAGGCTCGCTTTCCCTTATTGTGTTCGTAGCAGGTCTGATTGTCTTGGCCTCTGTTTCCTTGCCGATTGACAGGCTGACGGTTATACCGCACATTCCGCGCCCGGCGCTTTTGCTGTTCAACGGCCTGTCCTTAAGCTCAGCGCTCATTCTGCTAATTTTGCCGATTGAGCTTTATAAACGGACAAAACGTTCCTATACGATGGCCATTACAGCGCTTGTCGGCGGCTTTGTGTTCAGCTTTTTAAAAGGGCTTAACATCAGCGCGATATTCGTACTGCCGATGATTATCGTATTGCTTGTGCTATTGAAAAAACAATTTGTCCGCGAACAGGCATCCTATACACTGGGACAATTGATATTCGCTGTGGCGCTGTTTACTGTGGCGCTCTTTAACTACAATCTGATCGCGGGCTTTATTTGGGACCGGATGAAGAAGGTGCTGCGTCACGAATATTTCGTCCACAGCACCTCGCATATTACACATGCAACCATCATGGCGATCATCATTGTGCCGCTGTTCTTCTTGATATTTACAGTGGTCTATCATAAGAGAACGAAACCGATCGGAGAGCAAGCTGACCCTGAGCGTCTTGCTGCGTTTCTTAATGAAAAAGGCGGCAACGCGCTGAGCCATCTTGGTTTTCTTGGAGATAAGCGGTTTTATTTTTCCAGCGATGGGAATGCACTGCTTCTATTTGGGAAAATCGCCAGAAGGCTGGTCGTGCTCGGCGATCCGTCTGGCCAAAGAGAATCATTCCCGCTCGTGCTGGAAGAATTTCTAAACGAAGCGCATCAGAAGGGATTCAGTGTTTTGTTCTATCAAATTGAACGAGAGGACATGGCGCTGTATCACGATTTTGGCTACAACTTCTTTAAACTTGGCGAGGAAGCATATGTAGATTTAAATACATTTACCTTGACTGGGAAGAAAAAAGCCGGCCTTCGGGCAATCAATAACCGCTTTGAGCGGGAGGAGTATACTTTCCATGTGGATCATCCCCCATTTTCTGATGCGTTTTTGGAGGAGCTGAAGCAAATCTCAGACGAATGGCTCGGCTCGAAAAAGGAGAAGGGATTCTCGCTCGGATTTTTTGATCCTTCCTATTTACAGAAAGCGCCGATCGCCTATATGAAAAATGCAGAGGGAGAGATCGTTGCATTCGCAAATGTCATGCCGATGTACCAGGAGGGAGAGATATCGGTTGACCTAATGCGCTATCGCGGCGACGCTCCAAATGGCATTATGGACGCATTGTTTATCCGTATGTTTTTATGGGCAAAGGAAGAGGGCTGCACGTCATTTAATATGGGGATGGCACCCTTGGCTAATGTCGGCACTGCCTTTACATCCTTCTGGTCCGAAAGGTTTGCCGGTGTCATTTTTAATAATGTCAGATACATGTACAGCTTCAGCGGCCTAAGAGCCTTTAAAGAAAAATACAAACCGGAGTGGCGAGGGAAATACTTAGCGTATCGGAAAAACAGATCTCTTTCTGTCACCATGTTCCTCGTTACACGTCTGATTGGCAAAAGCAAAAAAGACTCCGTCTAA
gb|X06599|+|272-1193|ARO:3002877|BcI	(403) 5333-, 192084+, 29951-, 183584+, 187400+ (98)	922	100%	100%	97.8983%	23	1	100.109%	+1	0	TTGAAAAATAAGAGGATGCTAAAAATAGGAATATGCGTTGGTATATTAGGTTTAAGTATTACAAGCCTAGAAGCTTTTACAGGAGGGGCACTGCAAGTTGAAGCGAAAGAAAAGACTGGACAAGTGAAACATAAAAATCAGGCGACGCATAAAGAGTTCTCTCAACTTGAGAAAAAATTTGATGCTCGATTAGGTGTATATGCGATTGATACTGGTACAAATCAAACAATCTCTTATCGACCTAACGAAAGATTTGCCTTCGCATCAACTTACAAGGCTTTAGCCGCAGGAGTATTACTACAGCAAAACTCAATTGATTCATTAAATGAAGTAATCACATATACGAAAGAAGACTTAGTGGATTATTCACCTGTTACAGAGAAACATGTAGATACTGGAATGAAACTAGGAGAAATTGCTGAGGCAGCTGTTCGTTCAAGTGATAATACTGCAGGGAACATTTTATTTAATAAAATAGGAGGACCTAAAGGATATGAAAAAGCGCTTAGGCATATGGGGGGATCGGATTACTATGTCTGATCGCTTTGAAACAGAATTAAACGAAGCTATTCCAGGAGACATTCGTGACACTAGTACAGCGAAAGCAATTGCTACGAATCTTAAAGCTTTTACGGTCGGAAATGCACTTCCTGCTGAAAAACGTAAAATTCTTACAGAGTGGATGAAAGGAAATGCTACAGGAGACAAACTTATTCGTGCAGGCGTACCAACTGACTGGGTAGTTGGAGATAAATCAGGTGCTGGCAGTTACGGGACAAGAAATGATATTGCTATCGTTTGGCCTCCAAATAGAGCACCAATTATCATCGCAATTTTATCTAGTAAAGATGAGAAAGAGGCTACCTATGATAATCAACTCATTGCAGAGGCAACGGAAGTTATAGTTAAGGCTCTTAAGTAA
gb|X06599|+|272-1193|ARO:3002877|BcI	(403) 5333-, 192084+, 29951-, 183584+, 749807- (93)	917	99.4571%	99.4571%	97.801%	24	1	100.109%	+1	0	TTGAAAAATAAGAGGATGCTAAAAATAGGAATATGCGTTGGTATATTAGGTTTAAGTATTACAAGCCTAGAAGCTTTTACAGGAGGGGCACTGCAAGTTGAAGCGAAAGAAAAGACTGGACAAGTGAAACATAAAAATCAGGCGACGCATAAAGAGTTCTCTCAACTTGAGAAAAAATTTGATGCTCGATTAGGTGTATATGCGATTGATACTGGTACAAATCAAACAATCTCTTATCGACCTAACGAAAGATTTGCCTTCGCATCAACTTACAAGGCTTTAGCCGCAGGAGTATTACTACAGCAAAACTCAATTGATTCATTAAATGAAGTAATCACATATACGAAAGAAGACTTAGTGGATTATTCACCTGTTACAGAGAAACATGTAGATACTGGAATGAAACTAGGAGAAATTGCTGAGGCAGCTGTTCGTTCAAGTGATAATACTGCAGGGAACATTTTATTTAATAAAATAGGAGGACCTAAAGGATATGAAAAAGCGCTTAGGCATATGGGGGGATCGGATTACTATGTCTGATCGCTTTGAAACAGAATTAAACGAAGCTATTCCAGGAGACATTCGTGACACTAGTACAGCGAAAGCAATTGCTACGAATCTTAAAGCTTTTACGGTCGGAAATGCACTTCCTGCTGAAAAACGTAAAATTCTTACAGAGTGGATGAAAGGAAATGCTACAGGAGACAAACTTATTCGTGCAGGCGTACCAACTGACTGGGTAGTTGGAGATAAATCAGGTGCTGGCAGTTACGGGACAAGAAATGATATTGCTATCGTTTGGCCTCCAAATAGAGCACCAATTATCATCGCAATTTTATCTAGTAAAGATGAGAAAGAGGCTACCTATGATAATCAACTAATTGCAGAGGCAACTGAAATGATAGTTAAGGCTCTTA
gb|X06599|+|272-1193|ARO:3002877|BcI	(412) 1984903-, 192084+, 29951-, 183584+, 187400+ (98)	922	100%	100%	96.7608%	36	1	100.109%	+1	0	TTGAAAAATAAGAGGATGCTAAAAATAGGTATATGCGTTGGTATATTAAGTTTAAGTCTTACAAGCTTAGAAGCTTTTAAAGGAGGGCCATTGCAAGTTGAGGCGAAAGAAAAGACAGGACAAGTGAAGCATAAACATCAGGCGACGTATAAAGAGTTCTCTCAACTTGAGAAAAAATTCGATGCACGATTAGGTGTATATGCGATTGATACTGGTACAAATCAAACAATCTCTTATCGACCTAACGAAAGATTTGCCTTCGCATCAACTTACAAGGCTTTAGCCGCAGGAGTATTACTACAGCAAAACTCAATTGATTCATTAAATGAAGTAATCACATATACGAAAGAAGACTTAGTGGATTATTCACCTGTTACAGAGAAACATGTAGATACTGGAATGAAACTAGGAGAAATTGCTGAGGCAGCTGTTCGTTCAAGTGATAATACTGCAGGGAACATTTTATTTAATAAAATAGGAGGACCTAAAGGATATGAAAAAGCGCTTAGGCATATGGGGGGATCGGATTACTATGTCTGATCGCTTTGAAACAGAATTAAACGAAGCTATTCCAGGAGACATTCGTGACACTAGTACAGCGAAAGCAATTGCTACGAATCTTAAAGCTTTTACGGTCGGAAATGCACTTCCTGCTGAAAAACGTAAAATTCTTACAGAGTGGATGAAAGGAAATGCTACAGGAGACAAACTTATTCGTGCAGGCGTACCAACTGACTGGGTAGTTGGAGATAAATCAGGTGCTGGCAGTTACGGGACAAGAAATGATATTGCTATCGTTTGGCCTCCAAATAGAGCACCAATTATCATCGCAATTTTATCTAGTAAAGATGAGAAAGAGGCTACCTATGATAATCAACTCATTGCAGAGGCAACGGAAGTTATAGTTAAGGCTCTTAAGTAA
gb|X06599|+|272-1193|ARO:3002877|BcI	(412) 1984903-, 192084+, 29951-, 183584+, 749807- (93)	917	99.4571%	99.4571%	96.6586%	37	1	100.109%	+1	0	TTGAAAAATAAGAGGATGCTAAAAATAGGTATATGCGTTGGTATATTAAGTTTAAGTCTTACAAGCTTAGAAGCTTTTAAAGGAGGGCCATTGCAAGTTGAGGCGAAAGAAAAGACAGGACAAGTGAAGCATAAACATCAGGCGACGTATAAAGAGTTCTCTCAACTTGAGAAAAAATTCGATGCACGATTAGGTGTATATGCGATTGATACTGGTACAAATCAAACAATCTCTTATCGACCTAACGAAAGATTTGCCTTCGCATCAACTTACAAGGCTTTAGCCGCAGGAGTATTACTACAGCAAAACTCAATTGATTCATTAAATGAAGTAATCACATATACGAAAGAAGACTTAGTGGATTATTCACCTGTTACAGAGAAACATGTAGATACTGGAATGAAACTAGGAGAAATTGCTGAGGCAGCTGTTCGTTCAAGTGATAATACTGCAGGGAACATTTTATTTAATAAAATAGGAGGACCTAAAGGATATGAAAAAGCGCTTAGGCATATGGGGGGATCGGATTACTATGTCTGATCGCTTTGAAACAGAATTAAACGAAGCTATTCCAGGAGACATTCGTGACACTAGTACAGCGAAAGCAATTGCTACGAATCTTAAAGCTTTTACGGTCGGAAATGCACTTCCTGCTGAAAAACGTAAAATTCTTACAGAGTGGATGAAAGGAAATGCTACAGGAGACAAACTTATTCGTGCAGGCGTACCAACTGACTGGGTAGTTGGAGATAAATCAGGTGCTGGCAGTTACGGGACAAGAAATGATATTGCTATCGTTTGGCCTCCAAATAGAGCACCAATTATCATCGCAATTTTATCTAGTAAAGATGAGAAAGAGGCTACCTATGATAATCAACTAATTGCAGAGGCAACTGAAATGATAGTTAAGGCTCTTA
gb|X06599|+|272-1193|ARO:3002877|BcI	(403) 5333-, 192084+, 28765167-, 183584+, 187400+ (98)	921	100%	100%	95.7032%	49	0	100%	0	4.5258e-405	TTGAAAAATAAGAGGATGCTAAAAATAGGAATATGCGTTGGTATATTAGGTTTAAGTATTACAAGCCTAGAAGCTTTTACAGGAGGGGCACTGCAAGTTGAAGCGAAAGAAAAGACTGGACAAGTGAAACATAAAAATCAGGCGACGCATAAAGAGTTCTCTCAACTTGAGAAAAAATTTGATGCTCGATTAGGTGTATATGCGATTGATACTGGTACAAATCAAACAATCTCTTATCGACCTAACGAAAGGTTTGCCTTTGCATCAACATACAAGGCGTTAGCGGCAGGGGTATTACTACAGCAAAACTCTACTGAGAAATTAAATGAAGTTATTACTTATACGAAAGAAGACTTAGTGGATTATTCACCTGTTACCGAGAAACATATAGATACTGGAATGACACTAGGAGAAATTGCTGAGGCTGCTGTTCGTAACAGTGATAATACTGCAGGGAACATTTTATTTAACAAAATAGGCGGACCAAAAGGATATGAAAAAGCGCTTAGACAGATGGGTGATCGGGTTACTATGTCTGATCGCTTTGAAACAGAATTAAACGAGGCTATTCCAGGAGACATTCGTGACACTAGTACAGCGAAAGCAATTGCTACGAATCTTAAAGCTTTTACGGTCGGAAATGCACTTCCTGCTGAAAAACGTAAAATTCTTACAGAGTGGATGAAAGGAAATGCTACAGGAGACAAACTTATTCGTGCAGGCGTACCAACTGACTGGGTAGTTGGAGATAAATCAGGTGCTGGCAGTTACGGGACAAGAAATGATATTGCTATCGTTTGGCCTCCAAATAGAGCACCAATTATCATCGCAATTTTATCTAGTAAAGATGAGAAAGAGGCTACCTATGATAATCAACTCATTGCAGAGGCAACGGAAGTTATAGTTAAGGCTCTTAAGTAA
gb|X06599|+|272-1193|ARO:3002877|BcI	(403) 5333-, 192084+, 28765167-, 183584+, 749807- (93)	916	99.4571%	99.4571%	95.5962%	50	0	100%	0	2.03269e-401	TTGAAAAATAAGAGGATGCTAAAAATAGGAATATGCGTTGGTATATTAGGTTTAAGTATTACAAGCCTAGAAGCTTTTACAGGAGGGGCACTGCAAGTTGAAGCGAAAGAAAAGACTGGACAAGTGAAACATAAAAATCAGGCGACGCATAAAGAGTTCTCTCAACTTGAGAAAAAATTTGATGCTCGATTAGGTGTATATGCGATTGATACTGGTACAAATCAAACAATCTCTTATCGACCTAACGAAAGGTTTGCCTTTGCATCAACATACAAGGCGTTAGCGGCAGGGGTATTACTACAGCAAAACTCTACTGAGAAATTAAATGAAGTTATTACTTATACGAAAGAAGACTTAGTGGATTATTCACCTGTTACCGAGAAACATATAGATACTGGAATGACACTAGGAGAAATTGCTGAGGCTGCTGTTCGTAACAGTGATAATACTGCAGGGAACATTTTATTTAACAAAATAGGCGGACCAAAAGGATATGAAAAAGCGCTTAGACAGATGGGTGATCGGGTTACTATGTCTGATCGCTTTGAAACAGAATTAAACGAGGCTATTCCAGGAGACATTCGTGACACTAGTACAGCGAAAGCAATTGCTACGAATCTTAAAGCTTTTACGGTCGGAAATGCACTTCCTGCTGAAAAACGTAAAATTCTTACAGAGTGGATGAAAGGAAATGCTACAGGAGACAAACTTATTCGTGCAGGCGTACCAACTGACTGGGTAGTTGGAGATAAATCAGGTGCTGGCAGTTACGGGACAAGAAATGATATTGCTATCGTTTGGCCTCCAAATAGAGCACCAATTATCATCGCAATTTTATCTAGTAAAGATGAGAAAGAGGCTACCTATGATAATCAACTAATTGCAGAGGCAACTGAAATGATAGTTAAGGCTCTTA
gb|X06599|+|272-1193|ARO:3002877|BcI	(412) 1984903-, 192084+, 28765167-, 183584+, 187400+ (98)	921	100%	100%	94.5647%	62	0	100%	0	7.63887e-386	TTGAAAAATAAGAGGATGCTAAAAATAGGTATATGCGTTGGTATATTAAGTTTAAGTCTTACAAGCTTAGAAGCTTTTAAAGGAGGGCCATTGCAAGTTGAGGCGAAAGAAAAGACAGGACAAGTGAAGCATAAACATCAGGCGACGTATAAAGAGTTCTCTCAACTTGAGAAAAAATTCGATGCACGATTAGGTGTATATGCGATTGATACTGGTACAAATCAAACAATCTCTTATCGACCTAACGAAAGGTTTGCCTTTGCATCAACATACAAGGCGTTAGCGGCAGGGGTATTACTACAGCAAAACTCTACTGAGAAATTAAATGAAGTTATTACTTATACGAAAGAAGACTTAGTGGATTATTCACCTGTTACCGAGAAACATATAGATACTGGAATGACACTAGGAGAAATTGCTGAGGCTGCTGTTCGTAACAGTGATAATACTGCAGGGAACATTTTATTTAACAAAATAGGCGGACCAAAAGGATATGAAAAAGCGCTTAGACAGATGGGTGATCGGGTTACTATGTCTGATCGCTTTGAAACAGAATTAAACGAGGCTATTCCAGGAGACATTCGTGACACTAGTACAGCGAAAGCAATTGCTACGAATCTTAAAGCTTTTACGGTCGGAAATGCACTTCCTGCTGAAAAACGTAAAATTCTTACAGAGTGGATGAAAGGAAATGCTACAGGAGACAAACTTATTCGTGCAGGCGTACCAACTGACTGGGTAGTTGGAGATAAATCAGGTGCTGGCAGTTACGGGACAAGAAATGATATTGCTATCGTTTGGCCTCCAAATAGAGCACCAATTATCATCGCAATTTTATCTAGTAAAGATGAGAAAGAGGCTACCTATGATAATCAACTCATTGCAGAGGCAACGGAAGTTATAGTTAAGGCTCTTAAGTAA
gb|X06599|+|272-1193|ARO:3002877|BcI	(412) 1984903-, 192084+, 28765167-, 183584+, 749807- (93)	916	99.4571%	99.4571%	94.4527%	63	0	100%	0	3.43088e-382	TTGAAAAATAAGAGGATGCTAAAAATAGGTATATGCGTTGGTATATTAAGTTTAAGTCTTACAAGCTTAGAAGCTTTTAAAGGAGGGCCATTGCAAGTTGAGGCGAAAGAAAAGACAGGACAAGTGAAGCATAAACATCAGGCGACGTATAAAGAGTTCTCTCAACTTGAGAAAAAATTCGATGCACGATTAGGTGTATATGCGATTGATACTGGTACAAATCAAACAATCTCTTATCGACCTAACGAAAGGTTTGCCTTTGCATCAACATACAAGGCGTTAGCGGCAGGGGTATTACTACAGCAAAACTCTACTGAGAAATTAAATGAAGTTATTACTTATACGAAAGAAGACTTAGTGGATTATTCACCTGTTACCGAGAAACATATAGATACTGGAATGACACTAGGAGAAATTGCTGAGGCTGCTGTTCGTAACAGTGATAATACTGCAGGGAACATTTTATTTAACAAAATAGGCGGACCAAAAGGATATGAAAAAGCGCTTAGACAGATGGGTGATCGGGTTACTATGTCTGATCGCTTTGAAACAGAATTAAACGAGGCTATTCCAGGAGACATTCGTGACACTAGTACAGCGAAAGCAATTGCTACGAATCTTAAAGCTTTTACGGTCGGAAATGCACTTCCTGCTGAAAAACGTAAAATTCTTACAGAGTGGATGAAAGGAAATGCTACAGGAGACAAACTTATTCGTGCAGGCGTACCAACTGACTGGGTAGTTGGAGATAAATCAGGTGCTGGCAGTTACGGGACAAGAAATGATATTGCTATCGTTTGGCCTCCAAATAGAGCACCAATTATCATCGCAATTTTATCTAGTAAAGATGAGAAAGAGGCTACCTATGATAATCAACTAATTGCAGAGGCAACTGAAATGATAGTTAAGGCTCTTA
gb|KF526113|+|0-1146|ARO:3002112|CMY-100	(1201) 146006- (2346)	1146	100%	100%	98.52%	17	0	100%	0	0	ATGATGAAAAAATCGATATGCTGCGCGCTGCTGCTGACAGCTTCTTTCTCCACGTTTGCCGCCGCAAAAACAGAACAACAAATTGCCGATATCGTTAACCGCACCATCACACCGCTGATGCAGGAGCAGGCAATTCCGGGTATGGCCGTTGCGATTATCTATCAGGGGAAACCTTATTACTTTACCTGGGGTAAAGCCGATATCGCCAATAACCGTCCAGTCACGCAACAAACGCTGTTTGAACTCGGATCGGTCAGTAAAACGTTCAACGGTGTGCTGGGCGGCGATGCTATCGCCCGCGGCGAAATTAAGCTCAGCGATCCGGTCACGCAGTACTGGCCTGAACTGACTGGTAAGCAGTGGCAGGGTATCAGCCTGCTGCACTTAGCCACCTACACGGCAGGCGGCCTGCCGCTTCAGGTTCCGGACGACGTTACGGATAAAGCCGCGTTACTACGCTTTTATCAAAACTGGCAGCCGCAATGGGCCCCAGGCGCTAAACGTCTTTATGCTAACTCCAGCATTGGTCTGTTTGGCGCCCTGGCAGTGAAACCCTCAGGCATGAGCTACGAAGAGGCGATGTCCAAACGCGTCCTGCACCCCTTAAAACTGGCGCATACCTGGATTACGGTTCCGCAGAGCGAACAAAAAGATTATGCCTGGGGTTATCGCGAAGGAAAGCCAGTGCATGTATCCCCTGGCCAACTTGATGCCGAAGCCTACGGGGTGAAATCGAGCGTTATCGATATGACCCGTTGGGTTCAGGCCAACATGGACGCCAGCCAGGTTCAGGAGAAAACGCTCCAGCATGGCATCGAGCTTGCGCAGTCACGTTACTGGCGTATTGGCGATATGTACCAGGGCCTGGGCTGGGAGATGCTGAACTGGCCGGTGAAGGCCGACTCGATAATTAGCGGTAGCGACAGCAAAGTGGCACTGGCAGCGCTTCCTGCCGTTGAGGTAAACCCGCCCGCGCCTGCCGTGAAAGCCTCATGGGTGCATAAAACGGGCTCCACTGGCGGATTCGGCAGCTATGTTGCTTTCGTTCCAGAAAAAAACCTTGGCATCGTGATGCTGGCAAACAAAAGCTACCCAAACCCTGTTCGCGTCGAGGCCGCCTGGCGCATTCTTGAAAAACTGCAGTAA
gb|KF526114|+|0-1146|ARO:3002113|CMY-101	(1201) 146006- (2346)	1146	100%	100%	98.95%	12	0	100%	0	0	ATGATGAAAAAATCGATATGCTGCGCGCTGCTGCTGACAGCTTCTTTCTCCACGTTTGCCGCCGCAAAAACAGAACAACAAATTGCCGATATCGTTAACCGCACCATCACACCGCTGATGCAGGAGCAGGCAATTCCGGGTATGGCCGTTGCGATTATCTATCAGGGGAAACCTTATTACTTTACCTGGGGTAAAGCCGATATCGCCAATAACCGTCCAGTCACGCAACAAACGCTGTTTGAACTCGGATCGGTCAGTAAAACGTTCAACGGTGTGCTGGGCGGCGATGCTATCGCCCGCGGCGAAATTAAGCTCAGCGATCCGGTCACGCAGTACTGGCCTGAACTGACTGGTAAGCAGTGGCAGGGTATCAGCCTGCTGCACTTAGCCACCTACACGGCAGGCGGCCTGCCGCTTCAGGTTCCGGACGACGTTACGGATAAAGCCGCGTTACTACGCTTTTATCAAAACTGGCAGCCGCAATGGGCCCCAGGCGCTAAACGTCTTTATGCTAACTCCAGCATTGGTCTGTTTGGCGCCCTGGCAGTGAAACCCTCAGGCATGAGCTACGAAGAGGCGATGTCCAAACGCGTCCTGCACCCCTTAAAACTGGCGCATACCTGGATTACGGTTCCGCAGAGCGAACAAAAAGATTATGCCTGGGGTTATCGCGAAGGAAAGCCAGTGCATGTATCCCCTGGCCAACTTGATGCCGAAGCCTACGGGGTGAAATCGAGCGTTATCGATATGACCCGTTGGGTTCAGGCCAACATGGACGCCAGCCAGGTTCAGGAGAAAACGCTCCAGCATGGCATCGAGCTTGCGCAGTCACGTTACTGGCGTATTGGCGATATGTACCAGGGCCTGGGCTGGGAGATGCTGAACTGGCCGGTGAAGGCCGACTCGATAATTAGCGGTAGCGACAGCAAAGTGGCACTGGCAGCGCTTCCTGCCGTTGAGGTAAACCCGCCCGCGCCTGCCGTGAAAGCCTCATGGGTGCATAAAACGGGCTCCACTGGCGGATTCGGCAGCTATGTTGCTTTCGTTCCAGAAAAAAACCTTGGCATCGTGATGCTGGCAAACAAAAGCTACCCAAACCCTGTTCGCGTCGAGGCCGCCTGGCGCATTCTTGAAAAACTGCAGTAA
gb|JX440350|+|1026-2172|ARO:3002083|CMY-70	(1201) 146006- (2346)	1146	100%	100%	99.56%	5	0	100%	0	0	ATGATGAAAAAATCGATATGCTGCGCGCTGCTGCTGACAGCTTCTTTCTCCACGTTTGCCGCCGCAAAAACAGAACAACAAATTGCCGATATCGTTAACCGCACCATCACACCGCTGATGCAGGAGCAGGCAATTCCGGGTATGGCCGTTGCGATTATCTATCAGGGGAAACCTTATTACTTTACCTGGGGTAAAGCCGATATCGCCAATAACCGTCCAGTCACGCAACAAACGCTGTTTGAACTCGGATCGGTCAGTAAAACGTTCAACGGTGTGCTGGGCGGCGATGCTATCGCCCGCGGCGAAATTAAGCTCAGCGATCCGGTCACGCAGTACTGGCCTGAACTGACTGGTAAGCAGTGGCAGGGTATCAGCCTGCTGCACTTAGCCACCTACACGGCAGGCGGCCTGCCGCTTCAGGTTCCGGACGACGTTACGGATAAAGCCGCGTTACTACGCTTTTATCAAAACTGGCAGCCGCAATGGGCCCCAGGCGCTAAACGTCTTTATGCTAACTCCAGCATTGGTCTGTTTGGCGCCCTGGCAGTGAAACCCTCAGGCATGAGCTACGAAGAGGCGATGTCCAAACGCGTCCTGCACCCCTTAAAACTGGCGCATACCTGGATTACGGTTCCGCAGAGCGAACAAAAAGATTATGCCTGGGGTTATCGCGAAGGAAAGCCAGTGCATGTATCCCCTGGCCAACTTGATGCCGAAGCCTACGGGGTGAAATCGAGCGTTATCGATATGACCCGTTGGGTTCAGGCCAACATGGACGCCAGCCAGGTTCAGGAGAAAACGCTCCAGCATGGCATCGAGCTTGCGCAGTCACGTTACTGGCGTATTGGCGATATGTACCAGGGCCTGGGCTGGGAGATGCTGAACTGGCCGGTGAAGGCCGACTCGATAATTAGCGGTAGCGACAGCAAAGTGGCACTGGCAGCGCTTCCTGCCGTTGAGGTAAACCCGCCCGCGCCTGCCGTGAAAGCCTCATGGGTGCATAAAACGGGCTCCACTGGCGGATTCGGCAGCTATGTTGCTTTCGTTCCAGAAAAAAACCTTGGCATCGTGATGCTGGCAAACAAAAGCTACCCAAACCCTGTTCGCGTCGAGGCCGCCTGGCGCATTCTTGAAAAACTGCAGTAA
gb|JX440349|+|1026-2172|ARO:3002087|CMY-74	(1201) 146006- (2346)	1146	100%	100%	98.87%	13	0	100%	0	0	ATGATGAAAAAATCGATATGCTGCGCGCTGCTGCTGACAGCTTCTTTCTCCACGTTTGCCGCCGCAAAAACAGAACAACAAATTGCCGATATCGTTAACCGCACCATCACACCGCTGATGCAGGAGCAGGCAATTCCGGGTATGGCCGTTGCGATTATCTATCAGGGGAAACCTTATTACTTTACCTGGGGTAAAGCCGATATCGCCAATAACCGTCCAGTCACGCAACAAACGCTGTTTGAACTCGGATCGGTCAGTAAAACGTTCAACGGTGTGCTGGGCGGCGATGCTATCGCCCGCGGCGAAATTAAGCTCAGCGATCCGGTCACGCAGTACTGGCCTGAACTGACTGGTAAGCAGTGGCAGGGTATCAGCCTGCTGCACTTAGCCACCTACACGGCAGGCGGCCTGCCGCTTCAGGTTCCGGACGACGTTACGGATAAAGCCGCGTTACTACGCTTTTATCAAAACTGGCAGCCGCAATGGGCCCCAGGCGCTAAACGTCTTTATGCTAACTCCAGCATTGGTCTGTTTGGCGCCCTGGCAGTGAAACCCTCAGGCATGAGCTACGAAGAGGCGATGTCCAAACGCGTCCTGCACCCCTTAAAACTGGCGCATACCTGGATTACGGTTCCGCAGAGCGAACAAAAAGATTATGCCTGGGGTTATCGCGAAGGAAAGCCAGTGCATGTATCCCCTGGCCAACTTGATGCCGAAGCCTACGGGGTGAAATCGAGCGTTATCGATATGACCCGTTGGGTTCAGGCCAACATGGACGCCAGCCAGGTTCAGGAGAAAACGCTCCAGCATGGCATCGAGCTTGCGCAGTCACGTTACTGGCGTATTGGCGATATGTACCAGGGCCTGGGCTGGGAGATGCTGAACTGGCCGGTGAAGGCCGACTCGATAATTAGCGGTAGCGACAGCAAAGTGGCACTGGCAGCGCTTCCTGCCGTTGAGGTAAACCCGCCCGCGCCTGCCGTGAAAGCCTCATGGGTGCATAAAACGGGCTCCACTGGCGGATTCGGCAGCTATGTTGCTTTCGTTCCAGAAAAAAACCTTGGCATCGTGATGCTGGCAAACAAAAGCTACCCAAACCCTGTTCGCGTCGAGGCCGCCTGGCGCATTCTTGAAAAACTGCAGTAA
gb|KJ207203|+|5-1151|ARO:3002095|CMY-82	(1201) 146006- (2346)	1146	100%	100%	98.78%	14	0	100%	0	0	ATGATGAAAAAATCGATATGCTGCGCGCTGCTGCTGACAGCTTCTTTCTCCACGTTTGCCGCCGCAAAAACAGAACAACAAATTGCCGATATCGTTAACCGCACCATCACACCGCTGATGCAGGAGCAGGCAATTCCGGGTATGGCCGTTGCGATTATCTATCAGGGGAAACCTTATTACTTTACCTGGGGTAAAGCCGATATCGCCAATAACCGTCCAGTCACGCAACAAACGCTGTTTGAACTCGGATCGGTCAGTAAAACGTTCAACGGTGTGCTGGGCGGCGATGCTATCGCCCGCGGCGAAATTAAGCTCAGCGATCCGGTCACGCAGTACTGGCCTGAACTGACTGGTAAGCAGTGGCAGGGTATCAGCCTGCTGCACTTAGCCACCTACACGGCAGGCGGCCTGCCGCTTCAGGTTCCGGACGACGTTACGGATAAAGCCGCGTTACTACGCTTTTATCAAAACTGGCAGCCGCAATGGGCCCCAGGCGCTAAACGTCTTTATGCTAACTCCAGCATTGGTCTGTTTGGCGCCCTGGCAGTGAAACCCTCAGGCATGAGCTACGAAGAGGCGATGTCCAAACGCGTCCTGCACCCCTTAAAACTGGCGCATACCTGGATTACGGTTCCGCAGAGCGAACAAAAAGATTATGCCTGGGGTTATCGCGAAGGAAAGCCAGTGCATGTATCCCCTGGCCAACTTGATGCCGAAGCCTACGGGGTGAAATCGAGCGTTATCGATATGACCCGTTGGGTTCAGGCCAACATGGACGCCAGCCAGGTTCAGGAGAAAACGCTCCAGCATGGCATCGAGCTTGCGCAGTCACGTTACTGGCGTATTGGCGATATGTACCAGGGCCTGGGCTGGGAGATGCTGAACTGGCCGGTGAAGGCCGACTCGATAATTAGCGGTAGCGACAGCAAAGTGGCACTGGCAGCGCTTCCTGCCGTTGAGGTAAACCCGCCCGCGCCTGCCGTGAAAGCCTCATGGGTGCATAAAACGGGCTCCACTGGCGGATTCGGCAGCTATGTTGCTTTCGTTCCAGAAAAAAACCTTGGCATCGTGATGCTGGCAAACAAAAGCTACCCAAACCCTGTTCGCGTCGAGGCCGCCTGGCGCATTCTTGAAAAACTGCAGTAA
gb|JX440351|+|1026-2172|ARO:3002096|CMY-83	(1201) 146006- (2346)	1146	100%	100%	98.69%	15	0	100%	0	0	ATGATGAAAAAATCGATATGCTGCGCGCTGCTGCTGACAGCTTCTTTCTCCACGTTTGCCGCCGCAAAAACAGAACAACAAATTGCCGATATCGTTAACCGCACCATCACACCGCTGATGCAGGAGCAGGCAATTCCGGGTATGGCCGTTGCGATTATCTATCAGGGGAAACCTTATTACTTTACCTGGGGTAAAGCCGATATCGCCAATAACCGTCCAGTCACGCAACAAACGCTGTTTGAACTCGGATCGGTCAGTAAAACGTTCAACGGTGTGCTGGGCGGCGATGCTATCGCCCGCGGCGAAATTAAGCTCAGCGATCCGGTCACGCAGTACTGGCCTGAACTGACTGGTAAGCAGTGGCAGGGTATCAGCCTGCTGCACTTAGCCACCTACACGGCAGGCGGCCTGCCGCTTCAGGTTCCGGACGACGTTACGGATAAAGCCGCGTTACTACGCTTTTATCAAAACTGGCAGCCGCAATGGGCCCCAGGCGCTAAACGTCTTTATGCTAACTCCAGCATTGGTCTGTTTGGCGCCCTGGCAGTGAAACCCTCAGGCATGAGCTACGAAGAGGCGATGTCCAAACGCGTCCTGCACCCCTTAAAACTGGCGCATACCTGGATTACGGTTCCGCAGAGCGAACAAAAAGATTATGCCTGGGGTTATCGCGAAGGAAAGCCAGTGCATGTATCCCCTGGCCAACTTGATGCCGAAGCCTACGGGGTGAAATCGAGCGTTATCGATATGACCCGTTGGGTTCAGGCCAACATGGACGCCAGCCAGGTTCAGGAGAAAACGCTCCAGCATGGCATCGAGCTTGCGCAGTCACGTTACTGGCGTATTGGCGATATGTACCAGGGCCTGGGCTGGGAGATGCTGAACTGGCCGGTGAAGGCCGACTCGATAATTAGCGGTAGCGACAGCAAAGTGGCACTGGCAGCGCTTCCTGCCGTTGAGGTAAACCCGCCCGCGCCTGCCGTGAAAGCCTCATGGGTGCATAAAACGGGCTCCACTGGCGGATTCGGCAGCTATGTTGCTTTCGTTCCAGAAAAAAACCTTGGCATCGTGATGCTGGCAAACAAAAGCTACCCAAACCCTGTTCGCGTCGAGGCCGCCTGGCGCATTCTTGAAAAACTGCAGTAA
gb|KF992025|+|1026-2172|ARO:3002106|CMY-93	(1201) 146006- (2346)	1146	100%	100%	98.69%	15	0	100%	0	0	ATGATGAAAAAATCGATATGCTGCGCGCTGCTGCTGACAGCTTCTTTCTCCACGTTTGCCGCCGCAAAAACAGAACAACAAATTGCCGATATCGTTAACCGCACCATCACACCGCTGATGCAGGAGCAGGCAATTCCGGGTATGGCCGTTGCGATTATCTATCAGGGGAAACCTTATTACTTTACCTGGGGTAAAGCCGATATCGCCAATAACCGTCCAGTCACGCAACAAACGCTGTTTGAACTCGGATCGGTCAGTAAAACGTTCAACGGTGTGCTGGGCGGCGATGCTATCGCCCGCGGCGAAATTAAGCTCAGCGATCCGGTCACGCAGTACTGGCCTGAACTGACTGGTAAGCAGTGGCAGGGTATCAGCCTGCTGCACTTAGCCACCTACACGGCAGGCGGCCTGCCGCTTCAGGTTCCGGACGACGTTACGGATAAAGCCGCGTTACTACGCTTTTATCAAAACTGGCAGCCGCAATGGGCCCCAGGCGCTAAACGTCTTTATGCTAACTCCAGCATTGGTCTGTTTGGCGCCCTGGCAGTGAAACCCTCAGGCATGAGCTACGAAGAGGCGATGTCCAAACGCGTCCTGCACCCCTTAAAACTGGCGCATACCTGGATTACGGTTCCGCAGAGCGAACAAAAAGATTATGCCTGGGGTTATCGCGAAGGAAAGCCAGTGCATGTATCCCCTGGCCAACTTGATGCCGAAGCCTACGGGGTGAAATCGAGCGTTATCGATATGACCCGTTGGGTTCAGGCCAACATGGACGCCAGCCAGGTTCAGGAGAAAACGCTCCAGCATGGCATCGAGCTTGCGCAGTCACGTTACTGGCGTATTGGCGATATGTACCAGGGCCTGGGCTGGGAGATGCTGAACTGGCCGGTGAAGGCCGACTCGATAATTAGCGGTAGCGACAGCAAAGTGGCACTGGCAGCGCTTCCTGCCGTTGAGGTAAACCCGCCCGCGCCTGCCGTGAAAGCCTCATGGGTGCATAAAACGGGCTCCACTGGCGGATTCGGCAGCTATGTTGCTTTCGTTCCAGAAAAAAACCTTGGCATCGTGATGCTGGCAAACAAAAGCTACCCAAACCCTGTTCGCGTCGAGGCCGCCTGGCGCATTCTTGAAAAACTGCAGTAA
gb|GQ343019|+|132-1023|ARO:3002999|CblA-1	(4877) 926037- (5767)	891	100%	100%	99.78%	2	0	100%	0	0	ATGAAAGCATATTTCATCGCCATACTTACCTTATTCACTTGTATAGCTACCGTCGTCCGGGCGCAGCAAATGTCTGAACTTGAAAACCGGATTGACAGTCTGCTCAATGGCAAGAAAGCCACCGTTGGTATAGCCGTATGGACAGACAAAGGAGACATGCTCCGGTATAACGACCATGTACACTTCCCCTTGCTCAGTGTATTCAAATTCCATGTGGCACTGGCCGTACTGGACAAGATGGATAAGCAAAGCATCAGTCTGGACAGCATTGTTTCCATAAAGGCATCCCAAATGCCGCCCAATACCTACAGCCCCCTGCGGAAGAAGTTTCCCGACCAGGATTTCACGATTACGCTTAGGGAACTGATGCAATACAGCATTTCCCAAAGCGACAACAATGCCTGCGACATCTTGATAGAATATGCAGGAGGCATCAAACATATCAATGACTATATCCACCGGTTGAGTATCGACTCCTTCAACCTCTCGGAAACAGAAGACGGCATGCACTCCAGCTTCGAGGCTGTATACCGCAACTGGAGTACTCCTTCCGCTATGGTCCGACTACTGAGAACGGCTGATGAAAAAGAGTTGTTCTCCAACAAGGAGCTGAAAGACTTCTTGTGGCAGACCATGATAGATACTGAAACCGGTGCCAACAAACTGAAAGGTATGTTGCCAGCCAAAACCGTAGTAGGACACAAGACCGGCTCTTCCGACCGCAATGCCGACGGTATGAAAACTGCAGATAATGATGCCGGCCTCGTTATCCTTCCCGACGGCCGGAAATACTACATTGCCGCCTTCGTCATGGACTCATACGAGACGGATGAGGACAATGCGAACATCATCGCCCGCATATCACGCATGGTATATGATGCGATGAGATGA
gb|U38243|+|149-1115|ARO:3003001|CfxA	(112) 821183+ (1077)	966	100%	100%	99.9%	1	0	100%	0	0	ATGGAAAAAAACAGAAAAAAACAAATCGTAGTTTTGAGTATAGCTTTAGTTTGCATTTTCATCTTGGTATTTTCATTGTTCCATAAATCAGCGACAAAAGATAGCGCAAATCCTCCTTTAACAAATGTTTTGACTGATAGCATTTCTCAAATTGTCTCAGCTTGTCCTGGCGAAATTGGTGTGGCGGTTATTGTTAATAACAGAGATACGGTTAAGGTCAATAATAAGAGTGTTTATCCTATGATGAGTGTGTTTAAGGTTCATCAGGCATTAGCTCTTTGTAATGACTTTGACAATAAAGGAATTTCACTTGATACCTTAGTAAATATAAATAGGGATAAACTTGACCCAAAGACTTGGAGTCCTATGCTGAAAGATTATTCAGGGCCAGTCATATCATTGACAGTGAGAGATTTGCTGCGTTATACTCTTACTCAGAGTGACAACAATGCAAGCAACCTTATGTTTAAGGATATGGTTAATGTCGCTCAAACAGATAGTTTTATAGCCACACTCATTCCTCGTTCAAGTTTTCAGATAGCTTATACGGAAGAGGAAATGTCGGCTGACCATAACAAGGCTTACTCTAACTATACATCTCCTCTTGGTGCTGCAATGTTGATGAATCGTTTGTTTACTGAAGGTCTTATCGATGATGAGAAACAAAGTTTCATTAAGAATACGTTAAAAGAATGCAAAACAGGTGTAGATAGGATAGCAGCTCCACTTCTTGATAAAGAAGGGGTTGTTATAGCGCATAAGACAGGTTCAGGTTATGTTAATGAAAATGGTGTTCTTGCAGCTCACAATGATGTTGCCTATATATGTCTGCCTAATAATATCAGTTATACCTTAGCGGTATTTGTTAAGGATTTCAAGGGAAATGAATCACAAGCGTCACAATATGTTGCGCATATATCAGCTGTAGTATATTCTTTATTAATGCAAACTTCAGTAAAATCTTAA
gb|AF118110.1|-|71-1037|ARO:3003002|CfxA2	(112) 821183+ (1077)	966	100%	100%	100%	0	0	100%	0	0	ATGGAAAAAAACAGAAAAAAACAAATCGTAGTTTTGAGTATAGCTTTAGTTTGCATTTTCATCTTGGTATTTTCATTGTTCCATAAATCAGCGACAAAAGATAGCGCAAATCCTCCTTTAACAAATGTTTTGACTGATAGCATTTCTCAAATTGTCTCAGCTTGTCCTGGCGAAATTGGTGTGGCGGTTATTGTTAATAACAGAGATACGGTTAAGGTCAATAATAAGAGTGTTTATCCTATGATGAGTGTGTTTAAGGTTCATCAGGCATTAGCTCTTTGTAATGACTTTGACAATAAAGGAATTTCACTTGATACCTTAGTAAATATAAATAGGGATAAACTTGACCCAAAGACTTGGAGTCCTATGCTGAAAGATTATTCAGGGCCAGTCATATCATTGACAGTGAGAGATTTGCTGCGTTATACTCTTACTCAGAGTGACAACAATGCAAGCAACCTTATGTTTAAGGATATGGTTAATGTCGCTCAAACAGATAGTTTTATAGCCACACTCATTCCTCGTTCAAGTTTTCAGATAGCTTATACGGAAGAGGAAATGTCGGCTGACCATAACAAGGCTTACTCTAACTATACATCTCCTCTTGGTGCTGCAATGTTGATGAATCGTTTGTTTACTGAAGGTCTTATCGATGATGAGAAACAAAGTTTCATTAAGAATACGTTAAAAGAATGCAAAACAGGTGTAGATAGGATAGCAGCTCCACTTCTTGATAAAGAAGGGGTTGTTATAGCGCATAAGACAGGTTCAGGTTATGTTAATGAAAATGGTGTTCTTGCAGCTCACAATGATGTTGCCTATATATGTCTGCCTAATAATATCAGTTATACCTTAGCGGTATTTGTTAAGGATTTCAAGGGAAATGAATCACAAGCGTCACAATATGTTGCGCATATATCAGCTGTAGTATATTCTTTATTAATGCAAACTTCAGTAAAATCTTAA
gb|AF472622|+|52-1018|ARO:3003003|CfxA3	(112) 821183+ (1077)	966	100%	100%	99.9%	1	0	100%	0	0	ATGGAAAAAAACAGAAAAAAACAAATCGTAGTTTTGAGTATAGCTTTAGTTTGCATTTTCATCTTGGTATTTTCATTGTTCCATAAATCAGCGACAAAAGATAGCGCAAATCCTCCTTTAACAAATGTTTTGACTGATAGCATTTCTCAAATTGTCTCAGCTTGTCCTGGCGAAATTGGTGTGGCGGTTATTGTTAATAACAGAGATACGGTTAAGGTCAATAATAAGAGTGTTTATCCTATGATGAGTGTGTTTAAGGTTCATCAGGCATTAGCTCTTTGTAATGACTTTGACAATAAAGGAATTTCACTTGATACCTTAGTAAATATAAATAGGGATAAACTTGACCCAAAGACTTGGAGTCCTATGCTGAAAGATTATTCAGGGCCAGTCATATCATTGACAGTGAGAGATTTGCTGCGTTATACTCTTACTCAGAGTGACAACAATGCAAGCAACCTTATGTTTAAGGATATGGTTAATGTCGCTCAAACAGATAGTTTTATAGCCACACTCATTCCTCGTTCAAGTTTTCAGATAGCTTATACGGAAGAGGAAATGTCGGCTGACCATAACAAGGCTTACTCTAACTATACATCTCCTCTTGGTGCTGCAATGTTGATGAATCGTTTGTTTACTGAAGGTCTTATCGATGATGAGAAACAAAGTTTCATTAAGAATACGTTAAAAGAATGCAAAACAGGTGTAGATAGGATAGCAGCTCCACTTCTTGATAAAGAAGGGGTTGTTATAGCGCATAAGACAGGTTCAGGTTATGTTAATGAAAATGGTGTTCTTGCAGCTCACAATGATGTTGCCTATATATGTCTGCCTAATAATATCAGTTATACCTTAGCGGTATTTGTTAAGGATTTCAAGGGAAATGAATCACAAGCGTCACAATATGTTGCGCATATATCAGCTGTAGTATATTCTTTATTAATGCAAACTTCAGTAAAATCTTAA
gb|AY769933|+|0-966|ARO:3003005|CfxA4	(112) 821183+ (1077)	966	100%	100%	99.9%	1	0	100%	0	0	ATGGAAAAAAACAGAAAAAAACAAATCGTAGTTTTGAGTATAGCTTTAGTTTGCATTTTCATCTTGGTATTTTCATTGTTCCATAAATCAGCGACAAAAGATAGCGCAAATCCTCCTTTAACAAATGTTTTGACTGATAGCATTTCTCAAATTGTCTCAGCTTGTCCTGGCGAAATTGGTGTGGCGGTTATTGTTAATAACAGAGATACGGTTAAGGTCAATAATAAGAGTGTTTATCCTATGATGAGTGTGTTTAAGGTTCATCAGGCATTAGCTCTTTGTAATGACTTTGACAATAAAGGAATTTCACTTGATACCTTAGTAAATATAAATAGGGATAAACTTGACCCAAAGACTTGGAGTCCTATGCTGAAAGATTATTCAGGGCCAGTCATATCATTGACAGTGAGAGATTTGCTGCGTTATACTCTTACTCAGAGTGACAACAATGCAAGCAACCTTATGTTTAAGGATATGGTTAATGTCGCTCAAACAGATAGTTTTATAGCCACACTCATTCCTCGTTCAAGTTTTCAGATAGCTTATACGGAAGAGGAAATGTCGGCTGACCATAACAAGGCTTACTCTAACTATACATCTCCTCTTGGTGCTGCAATGTTGATGAATCGTTTGTTTACTGAAGGTCTTATCGATGATGAGAAACAAAGTTTCATTAAGAATACGTTAAAAGAATGCAAAACAGGTGTAGATAGGATAGCAGCTCCACTTCTTGATAAAGAAGGGGTTGTTATAGCGCATAAGACAGGTTCAGGTTATGTTAATGAAAATGGTGTTCTTGCAGCTCACAATGATGTTGCCTATATATGTCTGCCTAATAATATCAGTTATACCTTAGCGGTATTTGTTAAGGATTTCAAGGGAAATGAATCACAAGCGTCACAATATGTTGCGCATATATCAGCTGTAGTATATTCTTTATTAATGCAAACTTCAGTAAAATCTTAA
gb|AY769934|+|27-993|ARO:3003096|CfxA5	(112) 821183+ (1077)	966	100%	100%	99.9%	1	0	100%	0	0	ATGGAAAAAAACAGAAAAAAACAAATCGTAGTTTTGAGTATAGCTTTAGTTTGCATTTTCATCTTGGTATTTTCATTGTTCCATAAATCAGCGACAAAAGATAGCGCAAATCCTCCTTTAACAAATGTTTTGACTGATAGCATTTCTCAAATTGTCTCAGCTTGTCCTGGCGAAATTGGTGTGGCGGTTATTGTTAATAACAGAGATACGGTTAAGGTCAATAATAAGAGTGTTTATCCTATGATGAGTGTGTTTAAGGTTCATCAGGCATTAGCTCTTTGTAATGACTTTGACAATAAAGGAATTTCACTTGATACCTTAGTAAATATAAATAGGGATAAACTTGACCCAAAGACTTGGAGTCCTATGCTGAAAGATTATTCAGGGCCAGTCATATCATTGACAGTGAGAGATTTGCTGCGTTATACTCTTACTCAGAGTGACAACAATGCAAGCAACCTTATGTTTAAGGATATGGTTAATGTCGCTCAAACAGATAGTTTTATAGCCACACTCATTCCTCGTTCAAGTTTTCAGATAGCTTATACGGAAGAGGAAATGTCGGCTGACCATAACAAGGCTTACTCTAACTATACATCTCCTCTTGGTGCTGCAATGTTGATGAATCGTTTGTTTACTGAAGGTCTTATCGATGATGAGAAACAAAGTTTCATTAAGAATACGTTAAAAGAATGCAAAACAGGTGTAGATAGGATAGCAGCTCCACTTCTTGATAAAGAAGGGGTTGTTATAGCGCATAAGACAGGTTCAGGTTATGTTAATGAAAATGGTGTTCTTGCAGCTCACAATGATGTTGCCTATATATGTCTGCCTAATAATATCAGTTATACCTTAGCGGTATTTGTTAAGGATTTCAAGGGAAATGAATCACAAGCGTCACAATATGTTGCGCATATATCAGCTGTAGTATATTCTTTATTAATGCAAACTTCAGTAAAATCTTAA
gb|M36726.1|+|295-1150|ARO:3000596|ErmX	(234) 39861- (1088)	855	100%	100%	99.3%	4	2	100%	0	0	ATGTCTGCATACGGACACGGCCGTCACGAGCATGGCCAAAATTTTCTCACCAACCACAAGATCATCAACTCCATCATCGACCTTGTGAAACAAACCTCCGGCCCCATCATTGAGATCGGACCAGGAAGCGGTGCCCTCACTCACCCGATGGCCCACTTGGGGAGGGCGATAACGGCAGTTGAAGTGGACGCAAAACTAGCTGCCAAAATCACACAAGAAACCTCCTCGGCGGCGGTCGAAGTGGTCCATGATGATTTCCTTAACTTCCGGTTACCCGCCACTCCCTGCGTCATTGTGGGAAACATTCCCTTTCACCTCACCACTGCCATTCTTCGAAAGTTGCTGCATGCGCCAGCATGGACTGACGCTGTACTCCTCATGCAGTGGGAAGTCGCTCGCCGCCGGGCCGGGGTAGGCGCAAGCACGATGATGACGGCTCAGTGGTCCCCATGGTTCACATTTCACCTGGGTTCTCGGGTACCAAGGTCTGCTTTCCGGCCACAGCCAAACGTTGACGGGGGGATCTTAGTGATCCGCCGGGTGGGTGACCCGAAGATTCCGATAGAGCAGCGCAAAGCCTTTCAGGCGATGGTGCACACCGTTTTCACTGCCCGGGGACGCGGGATAGGGGAAATTCTCCGAAGGGCAGGGTTGTTTTCATCACGTTCAGAAACACAATCATGGTTGCGCTCGCGAGGAATCGACCCCGCGACCCTACCTCCCAGATTGCACACCAACGACTGGATCGATCTCTTCCAGGTGACTGGTTCCTCTCTACCTCACCATCGACCCATTTCACCATCGGGAAGTAGTCAACGACCTCCTCAACGGAAAAACCGAAGCCGGCGGCGTTAA
gb|U00096.3|-|4377810-4378944|ARO:3004290|Escherichia_coli_ampC	(215) 24851+ (1348)	1134	100%	100%	97.62%	27	0	100%	0	0	ATGTTCAAAACGACGCTCTGCACCTTATTAATTACCGCCTCTTGCTCCACATTTGCCGCACCTCAACAAATCAACGATATTGTGCATCGCACAATTACCCCGCTTATAGAGCAACAAAAGATCCCCGGTATGGCGGTAGCGGTAATTTATCAGGGTAAACCTTATTACTTTACCTGGGGCTATGCGGACATCGCCAAAAAGCAGCCCGTCACACAGCAAACGTTGTTTGAGTTAGGTTCGGTCAGCAAAACATTTACGGGCGTGCTTGGTGGCGACGCTATTGCTCGAGGGGAAATCAAGTTAAGCGATCCCACAACAAAATACTGGCCTGAACTTACCGCTAAACAGTGGAATGGGATCACACTATTACATCTCGCAACCTACACCGCTGGCGGCCTGCCATTGCAGGTGCCGGATGAGGTGAAATCCTCAAGCGACTTGCTGCGCTTCTATCAAAACTGGCAGCCTGCATGGGCTCCAGGAACACAACGTCTGTATGCCAACTCCAGTATCGGTTTGTTCGGCGCACTGGCTGTGAAGCCGTCTGGTTTGAGTTTTGAGCAGGCGATGAAAACTCGTGTCTTCCAGCCACTCAAACTCAATCATACGTGGATTAATGTACCGTCCGCAGAAGAAAAGAACTACGCCTGGGGATATCGCGAAGGTAAGGCAGTACATGTTTCGCCAGGGGCGTTAGATGCTGAAGCTTATGGTGTGAAGTCGACCATTGAAGATATGGCCCGCTGGGTGCAAAGCAATTTAAAACCCTTTGATATCAATGAGAAAATACTTCAACAAGGGATACAGCTGGCACAATCTCGCTACTGGCAAACCGGCGATATGTATCAGGGTCTGGGCTGGGAAATGCTGGACTGGCCGGTAAATCCTGACATCATCATTAACGGCAGTGACAATAAAATTGCACTGGCAGCACGCCCCGTAAAACCGATTACGCCCCCAACTCCTGCAGTACGCGCATCATGGGTACATAAAACGGGGGCGACCGGCGGATTTGGTAGCTATGTCGCGTTTATTCCAGAAAAAGAGCTGGGTATCGTGATGCTGGCTAACAAAAACTATCCCAATCCAGCGAGAGTTACCGCCGCCTGGCAGATTCTCAACACTCTACAGTAA
gb|FN649414.1|+|2765050-2766355|ARO:3004611|Escherichia_coli_ampC1_beta-lactamase	(1360) 124798-, 425724- (1276)	1305	100%	100%	95.6558%	59	0	100%	0	0	ATGAAACGGACAATGCTCTATCTTTCTCTGCTGGCTATTAGCTGTAGCGTCAGCGCCGCAAAATACCCTGTTCTGACAGAAAGTTCGCCAGAGAAAGCAGGGTTCAACGTCGAACGGCTTAACCAGATGGATCGCTGGATTAGCCAGCAAGTGGACGCCGGTTATCCCGGCGTAAACCTGCTGATTATAAAAGATAATCAGATTGTGTATCGCAAAGCCTGGGGAGCGGCGAAAAAGTACGATGGCAGCGTATTGATGGAACAGCCTGTCAAAGCCACCACCGGGACGCTGTATGACCTGGCTTCCAATACCAAGATGTACGCCACTGACTTTGCTCTGCAAAAGCTAATGAGCGAAGGCAAGCTGCATCCTGACGATCGGATTGCGAAATATATTCCGGGGTTTGCCGATAGTCCAAATGACACCATTAAAGGCAAAAACACCCTGCGGATTTCTGACCTGCTGCATCACAGCGGCGGTTTCCCGGCAGATCCGCAATACCCGAATAAAGCGGTCGCGGGCGCGTTATATTCCCAGGATAAAGGCCAGACGCTGGAGATGATCAAGCACACGCCGCTCGAATATCAGCCTGGCAGCAAGCATATCTACAGCGATGTCGATTATATGCTGCTTGGATTTATCGTCGAGTCGGTTACCGGTCAGCCGCTTGACCGCTATGTTGAAGAGTCGATTTATCGCCCGCTCGGTCTGACGCATACGGTGTTTAATCCGCTTCTGAAAGGCTTTAAACCGCAACAAATTGCCGCCACGGAATTGAACGGCAATACCCGCGATGGCGTGATCCACTTCCCGAATATCCGCACTTCCACTCTCTGGGGTCAAGTGCACGATGAAAAAGCATTCTATTCGATGGGTGGCGTTTCCGGGCACGCAGGTTTGTTTTCCAATACCGGCGATATTGCGGTGTTAATGCAAACGATGCTGAACGGCGGCGGCTATGGCGATGTGCAGCTGTTCAGTGCGGAAACGGTGAAGATGTTCACCACCAGCTCAAAGGAAGACGCCACTTTTGGCCTTGGCTGGCGAGTCAATGGTAATGCCACCATGACGCCGACGTTTGGCACGCTGGCAAGCCCGCAAACCTACGGTCACACTGGCTGGACCGGGACAGTAATCGTTATCGATCCGGTCAATCATATGGCGATTGTGATGTTAAGCAACAAGCCCCATTCGCCAGTTGCCGATCCACAAAAAAATCCCAATATGTTCGAAAGCGGTCAGTTACCGATTGCAACTTATGGTTGGGTAGTTGATCAGGTGTATGCGGCGTTGAAGCAAAAGTAA
gb|AP012030.1|-|395553-396711|ARO:3004612|Escherichia_coli_ampH	(14408) 47971+ (15565)	1158	100%	100%	80.43%	223	4	100%	0	0	TTGAAACGTAGTCTGCTTTTTTCTGCCGCGCTGTGTGCGGCGTCATTGACATCTGTCCAGGCGGCACAGCCTATAACCGATCCGGTCTTCGCCTCTGATATCGTCGATCGTTATGCCGACCATATATTTTACGGCAGCGGTGCTACGGGGATGGCGCTCGTGGTGATTGATGGCAACCAGCGCGTATTTCGCAGCTTCGGCGAAACACGCCCTGGCAATAACGTTCATCCGCAGCTGGATTCCGTTATTCGAATTGCCTCTATTACTAAATTAATGACCAGCGAAATGCTGGTGAAATTACTCGATCAGGGTACGGTTAAACTCAACGATCCATTGAGCAAATATGCGCCGCCTGGCGCGCGCGTGCCGACTTATCAGGGCACGCCGATTACGCTGGTGAATCTGGCGACGCATACCAGCGCGCTGCCGCGCGAACAGCCTGGCGGCGCGGCGAAGCGCCCGGTGTTTGTCTGGCCAACCCGTGAACAGCGCTGGAGCTATCTCTCAACCGCCACGCTTAAAGCCGCACCGGGTTCGCAGGCTTCTTATTCCAACCTGGCGTTTGACCTGCTGGCCGATGCGCTGGGAACCGCATCCGGAAAGCCTTATCCACAGCTGTTTGAAGAAAAAATCACCCGCCCGCTGGGGATGAAAGACACCACCTTTACCCCATCCCCCGATCAATGCAGACGCCTGATGGTCGCGGAAAAAGGCGCCAGTCCTTGCAACAATACCCTGGCGGCAATGGGCAGCGGCGGTGTTTATTCAACGCCCGGCGATATGATGCGCTGGATGCAGCAGTATCTCTCATCTGATTTTTACCATCGTAGCCAGCAGGCCGACCGTATGCAGACGCTGATTTATCAGCGTACGCAGTTAACCAAAGTGATAGGGATGGATGTTCCGGGTAGAGCCGATGCGCTGGGTTTGGGCTGGGTCTATATGGCGCCGAAGAATGGGCGACCAGGAATTATTCAAAAAACCGGTGGCGGCGGCGGCTTCATTACCTATATGGCGATGATCCCACAGCAAAACGTCGGGGCATTTATCGTGGTGACCCGCTCTCCGCTAACCCGATTTACCAATATGAGCGACGGTATCAACGATCTGGTTGCAGAGTTGAGCGGGAACAAACCGCAGGTTATTCCTGCATCCTGA
gb|AE016877.1|+|1972251-1972668|ARO:3000172|FosB	(311) 15445+ (727)	417	100%	100%	99.28%	3	0	100%	0	0	TTGTTAAGGGGAATCAATCATATTTGTTTTTCGGTATCTAATTTAGAAAACTCTATTATGTTTTATGAAAAAGTATTAGAAGGAGAATTATTAGTTAAAGGAAGAAAATTGGCTTATTTTAACATATGTGGAGTATGGATAGCGCTTAATGAAGAGACGCATATTTCGAGAAATGAGATTCATCAATCTTATACGCACATTGCATTTTCTGTTGAACAAGAAGACTTTAAATGTCTAATACAGCGATTAGAAGAAAATGATGTTCATATTTTACAAGGAAGAGAACGTGATGTAAGAGATTACGAATCTATATACTTTGTTGATCCTGACGGTCATAAATTTGAGTTTCACTCAGGGACACTGCAAGACCGTTTAAATTATTATAGAGATGAGAAACCTCATATGACATTTTATTAG
gb|AE016877.1|+|1972251-1972668|ARO:3000172|FosB	(310) 2021892+ (722)	413	99.0408%	99.0408%	87.89%	50	0	100%	0	1e-135	TTGTTAAAGGGAATCAATCATCTTTGTTTTTCAGTGTCTAATTTAGAAAAATCTATTATATTTTACGAAAAAGTACTAGAAGGAGAATTATTAGTTAAAGGGAGAAAACTTGCGTATTTTAATATATGTGGGGTATGGGTAGCACTTAATGAAGAAACACATATTCCGAGAAATGAGATTCATCAATCTTATACGCATATTGCGTTTTCAGTTGAACAGAAAGACTTTGAACGTCTACTGCAACGATTAGAAGAAAACGATGTTCATATTTTACAAGGAAGAGAACGGGATGTAAGGGATTGTAAGTCTATATATTTTGTTGATCCTGACGGCCATAAGTTTGAATTTCATTCAGGGACATTGCAAGACCGACTGAACTATTATAGGGAAGATAAGTCTCATATGACATTTTA
gb|APRY01000059.1|+|64996-65827|ARO:3001740|OXA-285	(1756) 788032- (2586)	831	100%	100%	100%	0	0	100%	0	0	ATGAAAATTCTGATTTTGCTACCTTTACTGAGTTGCTTGGGCCTGACAGCGTGTACCTCACCTGTTTCATCTTTCCCTTCTCAGATCACTTCAACTCAATCGACTCAAGCCATTGCCCAATTATTTGATCAGGCGCAAAGTTCTGGCGTTTTAGTGATTCAGCGTGGTCAAAAAGTACAGGTCTATGGCAATGATTTAAGCCGTGCAGGTACCGAATATGTTCCAGCCTCTACTTTCAAAATGCTCAATGCCCTGATTGGTCTACAACATGGTAAAGCCACAACCAATGAGATTTTTAAATGGGATGGCAAGAAACGCAGTTTTGCAGCCTGGGAAAAAGACATGACGCTCGGCGAAGCCATGCAAGCTTCTGCTGTACCCGTCTATCAGGAACTGGCACGTCATATTGGTTTGGAATTAATGCAGCAGGAAGTACAACGCATCCAATTTGGTAATCAGCAGATTGGTCAGCAGGTCGATAACTTCTGGTTGGTAGGCCCTTTGAAAATCACTCCAAAACAGGAAGTCGAATTTGTCTCTGCTCTAGCCCGAGAGCAACTAGCCTTTGATCCTCAAGTCCAGCAGCAAGTTAAAGCCATGTTACTTTTACAGGAACGGCAAGCTTATCGCCTATATGCCAAATCCGGTTGGGGCATGGATGTACAACCTCAAGTCGGCTGGCTTACCGGCTGGGTTGAAACACCGCAAGCCGAGATCGTGTCATTTTCACTGAATATGCAGATGCAAAATGGTATGGATCCGGCGATCCGCCTTGAAATTTTGCAGCAGGCTTTGGCCGAATTAGGGCTTTATCCAAAAGCTGAAGGATGA
gb|AJ276031.1|+|111-906|ARO:3004837|OXA-724	(10994) 946235- (11788)	795	100%	100%	95.72%	34	0	100%	0	0	ATGTCCCGCCTTCTGTTATCCGGCCTGCTCGGCGCAGGCCTGCTGTTTTCGCTGCCTGCCAGCGCCGCCACCGGCTGCTTTCTCTATGCCGACGGCAACGGCCAGACCCTCTCCAGCGAAGGGGATTGTTCAAGCCAGCTGCCACCCGCGTCCACCTTCAAAATCCCGCTGGCGCTGATGGGTTATGACAGCGGCTTTCTGGTAGACGAAGAGCACCCGGCACTGCCCTTCAAGCCGGGTTACGACGACTGGCTGCCCGCCTGGCGGGAGACCACCACCCCGCGCCGCTGGGAAACCTACTCGGTGGTCTGGTTCTCCCAGCAGATCACCGAATGGCTGGGGATGGATCGCTTCCAGCAGTACGTCGACCGTTTCGACTACGGCAACCGGGATCTCTCCGGCAACCCCGGCAAACACGACGGTCTGACCCAGGCCTGGCTCAGCTCCAGCCTGGCCATCAGTCCAGAGGAGCAGGCCCGCTTCCTCGGCAAGATGGTGAGCGGCAAGCTGCCGGTGTCGGCGCAGACCCTGCAGTACACCGCCAACATCCTCAAGGTGAGCGAGATCGACGGCTGGCAAATCCACGGCAAGACCGGCATGGGCTATCCGAAGAAGCTGGATGGCAGCCTCAACCGGGATCAGCAGATCGGCTGGTTCGTCGGCTGGGCCAGCAAACCGGGCAAGCAGCTCATCTTTGTCCACACCGTGGTGCAGAAACCCGGCAAGCAGTTTGCCTCCCTCAGGGCCAGGGAAGAGGTGCTGGCCGCCCTGCCGGCCAAACTGAAAACCCTGTGA
gb|AF550679.1|-|80976-81768|ARO:3002601|aadA	(554) 28874510+	759	95.8333%	95.8333%	99.87%	1	0	100%	0	0	ATGAGGGAAGCGGTGATCGCCGAAGTATCGACTCAACTATCAGAGGTAGTTGGCGTCATCGAGCGCCATCTCGAACCGACGTTGCTGGCCGTACATTTGTACGGCTCCGCAGTGGATGGCGGCCTGAAGCCACACAGTGATATTGATTTGCTGGTTACGGTGACCGTAAGGCTTGATGAAACAACGCGGCGAGCTTTGATCAACGACCTTTTGGAAACTTCGGCTTCCCCTGGAGAGAGCGAGATTCTCCGCGCTGTAGAAGTCACCATTGTTGTGCACGACGACATCATTCCGTGGCGTTATCCAGCTAAGCGCGAACTGCAATTTGGAGAATGGCAGCGCAATGACATTCTTGCAGGTATCTTCGAGCCAGCGACGATCGACATTGATCTGGCTATCTTGCTGACAAAAGCAAGAGAACATAGCGTTGCCTTGGTAGGTCCAGCGGCGGAGGAACTCTTTGATCCGGTTCCTGAACAGGATCTATTTGAGGCGCTAAATGAAACCTTAACGCTATGGAACTCGCCGCCCGACTGGGCTGGCGATGAGCGAAATGTAGTGCTTACGTTGTCCCGCATTTGGTACAGCGCAGTAACCGGCAAAATCGCGCCGAAGGATGTCGCTGCCGACTGGGCAATGGAGCGCCTGCCGGCCCAGTATCAGCCCGTCATACTTGAAGCTAGACAGGCTTATCTTGGACAAGAAGAAGATCGCTTGGCCTCGCGCGCAGATCAGTTGGAAGAATTTGTCCACTACGTG
gb|DQ393783|+|1799-2591|ARO:3002615|aadA15	(554) 28874510+ (1300)	747	94.3182%	94.3182%	97.59%	18	0	100%	0	0	ATGAGGGAAGCGGTGATCGCCGAAGTATCGACTCAACTATCAGAGGTAGTTGGCGTCATCGAGCGCCATCTCGAACCGACGTTGCTGGCCGTACATTTGTACGGCTCCGCAGTGGATGGCGGCCTGAAGCCACACAGTGATATTGATTTGCTGGTTACGGTGACCGTAAGGCTTGATGAAACAACGCGGCGAGCTTTGATCAACGACCTTTTGGAAACTTCGGCTTCCCCTGGAGAGAGCGAGATTCTCCGCGCTGTAGAAGTCACCATTGTTGTGCACGACGACATCATTCCGTGGCGTTATCCAGCTAAGCGCGAACTGCAATTTGGAGAATGGCAGCGCAATGACATTCTTGCAGGTATCTTCGAGCCAGCGACGATCGACATTGATCTGGCTATCTTGCTGACAAAAGCAAGAGAACATAGCGTTGCCTTGGTAGGTCCAGCGGCGGAGGAACTCTTTGATCCGGTTCCTGAACAGGATCTATTTGAGGCGCTAAATGAAACCTTAACGCTATGGAACTCGCCGCCCGACTGGGCTGGCGATGAGCGAAATGTAGTGCTTACGTTGTCCCGCATTTGGTACAGCGCAGTAACCGGCAAAATCGCGCCGAAGGATGTCGCTGCCGACTGGGCAATGGAGCGCCTGCCGGCCCAGTATCAGCCCGTCATACTTGAAGCTAGACAGGCTTATCTTGGACAAGAAGAAGATCGCTTGGCCTCGCGCGCAGATCAGTTGGAAGAATTT
gb|AY171244|+|46-838|ARO:3002618|aadA21	(554) 28874510+	759	95.8333%	95.8333%	97.1%	22	0	100%	0	0	ATGAGGGAAGCGGTGATCGCCGAAGTATCGACTCAACTATCAGAGGTAGTTGGCGTCATCGAGCGCCATCTCGAACCGACGTTGCTGGCCGTACATTTGTACGGCTCCGCAGTGGATGGCGGCCTGAAGCCACACAGTGATATTGATTTGCTGGTTACGGTGACCGTAAGGCTTGATGAAACAACGCGGCGAGCTTTGATCAACGACCTTTTGGAAACTTCGGCTTCCCCTGGAGAGAGCGAGATTCTCCGCGCTGTAGAAGTCACCATTGTTGTGCACGACGACATCATTCCGTGGCGTTATCCAGCTAAGCGCGAACTGCAATTTGGAGAATGGCAGCGCAATGACATTCTTGCAGGTATCTTCGAGCCAGCGACGATCGACATTGATCTGGCTATCTTGCTGACAAAAGCAAGAGAACATAGCGTTGCCTTGGTAGGTCCAGCGGCGGAGGAACTCTTTGATCCGGTTCCTGAACAGGATCTATTTGAGGCGCTAAATGAAACCTTAACGCTATGGAACTCGCCGCCCGACTGGGCTGGCGATGAGCGAAATGTAGTGCTTACGTTGTCCCGCATTTGGTACAGCGCAGTAACCGGCAAAATCGCGCCGAAGGATGTCGCTGCCGACTGGGCAATGGAGCGCCTGCCGGCCCAGTATCAGCCCGTCATACTTGAAGCTAGACAGGCTTATCTTGGACAAGAAGAAGATCGCTTGGCCTCGCGCGCAGATCAGTTGGAAGAATTTGTCCACTACGTG
gb|AM261837|+|73-865|ARO:3002619|aadA22	(554) 28874510+	759	95.8333%	95.8333%	97.36%	20	0	100%	0	0	ATGAGGGAAGCGGTGATCGCCGAAGTATCGACTCAACTATCAGAGGTAGTTGGCGTCATCGAGCGCCATCTCGAACCGACGTTGCTGGCCGTACATTTGTACGGCTCCGCAGTGGATGGCGGCCTGAAGCCACACAGTGATATTGATTTGCTGGTTACGGTGACCGTAAGGCTTGATGAAACAACGCGGCGAGCTTTGATCAACGACCTTTTGGAAACTTCGGCTTCCCCTGGAGAGAGCGAGATTCTCCGCGCTGTAGAAGTCACCATTGTTGTGCACGACGACATCATTCCGTGGCGTTATCCAGCTAAGCGCGAACTGCAATTTGGAGAATGGCAGCGCAATGACATTCTTGCAGGTATCTTCGAGCCAGCGACGATCGACATTGATCTGGCTATCTTGCTGACAAAAGCAAGAGAACATAGCGTTGCCTTGGTAGGTCCAGCGGCGGAGGAACTCTTTGATCCGGTTCCTGAACAGGATCTATTTGAGGCGCTAAATGAAACCTTAACGCTATGGAACTCGCCGCCCGACTGGGCTGGCGATGAGCGAAATGTAGTGCTTACGTTGTCCCGCATTTGGTACAGCGCAGTAACCGGCAAAATCGCGCCGAAGGATGTCGCTGCCGACTGGGCAATGGAGCGCCTGCCGGCCCAGTATCAGCCCGTCATACTTGAAGCTAGACAGGCTTATCTTGGACAAGAAGAAGATCGCTTGGCCTCGCGCGCAGATCAGTTGGAAGAATTTGTCCACTACGTG
gb|AJ809407|+|118-898|ARO:3002620|aadA23	(574) 28874510+	739	94.7436%	94.7436%	97.7%	17	0	100%	0	0	CGAAGTATCGACTCAACTATCAGAGGTAGTTGGCGTCATCGAGCGCCATCTCGAACCGACGTTGCTGGCCGTACATTTGTACGGCTCCGCAGTGGATGGCGGCCTGAAGCCACACAGTGATATTGATTTGCTGGTTACGGTGACCGTAAGGCTTGATGAAACAACGCGGCGAGCTTTGATCAACGACCTTTTGGAAACTTCGGCTTCCCCTGGAGAGAGCGAGATTCTCCGCGCTGTAGAAGTCACCATTGTTGTGCACGACGACATCATTCCGTGGCGTTATCCAGCTAAGCGCGAACTGCAATTTGGAGAATGGCAGCGCAATGACATTCTTGCAGGTATCTTCGAGCCAGCGACGATCGACATTGATCTGGCTATCTTGCTGACAAAAGCAAGAGAACATAGCGTTGCCTTGGTAGGTCCAGCGGCGGAGGAACTCTTTGATCCGGTTCCTGAACAGGATCTATTTGAGGCGCTAAATGAAACCTTAACGCTATGGAACTCGCCGCCCGACTGGGCTGGCGATGAGCGAAATGTAGTGCTTACGTTGTCCCGCATTTGGTACAGCGCAGTAACCGGCAAAATCGCGCCGAAGGATGTCGCTGCCGACTGGGCAATGGAGCGCCTGCCGGCCCAGTATCAGCCCGTCATACTTGAAGCTAGACAGGCTTATCTTGGACAAGAAGAAGATCGCTTGGCCTCGCGCGCAGATCAGTTGGAAGAATTTGTCCACTACGTG
gb|DQ677333|+|0-780|ARO:3002621|aadA24	(574) 28874510+	739	94.7436%	94.7436%	98.38%	12	0	100%	0	0	CGAAGTATCGACTCAACTATCAGAGGTAGTTGGCGTCATCGAGCGCCATCTCGAACCGACGTTGCTGGCCGTACATTTGTACGGCTCCGCAGTGGATGGCGGCCTGAAGCCACACAGTGATATTGATTTGCTGGTTACGGTGACCGTAAGGCTTGATGAAACAACGCGGCGAGCTTTGATCAACGACCTTTTGGAAACTTCGGCTTCCCCTGGAGAGAGCGAGATTCTCCGCGCTGTAGAAGTCACCATTGTTGTGCACGACGACATCATTCCGTGGCGTTATCCAGCTAAGCGCGAACTGCAATTTGGAGAATGGCAGCGCAATGACATTCTTGCAGGTATCTTCGAGCCAGCGACGATCGACATTGATCTGGCTATCTTGCTGACAAAAGCAAGAGAACATAGCGTTGCCTTGGTAGGTCCAGCGGCGGAGGAACTCTTTGATCCGGTTCCTGAACAGGATCTATTTGAGGCGCTAAATGAAACCTTAACGCTATGGAACTCGCCGCCCGACTGGGCTGGCGATGAGCGAAATGTAGTGCTTACGTTGTCCCGCATTTGGTACAGCGCAGTAACCGGCAAAATCGCGCCGAAGGATGTCGCTGCCGACTGGGCAATGGAGCGCCTGCCGGCCCAGTATCAGCCCGTCATACTTGAAGCTAGACAGGCTTATCTTGGACAAGAAGAAGATCGCTTGGCCTCGCGCGCAGATCAGTTGGAAGAATTTGTCCACTACGTG
gb|AL009126|-|2735681-2736536|ARO:3002627|aadK	(424326) 2117722+ (425180)	855	100%	100%	98.48%	13	0	100%	0	0	ATGCGAAGTGAGCAGGAAATGATGGACATTTTCTTGGACTTTGCTTTGAACGATGAGAGAATCCGATTGGTCACTTTGGAAGGGTCACGTACAAACAGAAATATCCCTCCTGACAACTTCCAAGATTATGACATCTCGTATTTTGTAACTGATGTAGAATCTTTTAAAGAAAATGATCAGTGGCTCGAAATCTTTGGGAAGCGCATTATGATGCAAAAACCAGAAGATATGGAGCTTTTTCCTCCCGAATTAGGTAATTGGTTTTCATACATCATTCTTTTTGAGGATGGCAACAAATTAGATCTAACCCTTATTCCAATTCGTGAAGCAGAAGATTATTTTGCTAATAACGATGGTTTGGTTAAGGTCTTGCTCGATAAGGATTCGTTCATCAACTATAAAGTGACCCCAAATGATCGCCAATACTGGATGAAAAAGCCGACTGCAAGGGAATTTGATGATTGCTGTAATGAGTTCTGGATGGTTTCGACTTACGTAGTAAAAGGACTAGCAAGAAATGAAATCCTTTTTGCCATTGACCATTTAAATGAAATTGTACGTCCTAATTTATTGAGAATGATGGCCTGGCATATCGCATCTCAGAAAGGGTATTCATTTAGTATGGGGAAGAACTATAAATTTATGAAACGGTACCTTTCATATAAAGAATGGGAGAAACTCATGTCTACATATTCTGTGAATGGGTATCAGGAAATGTGGAAGTCTTTATTTACTTGCTATGCATTATTTAGAAAGTATTCAAAAGCTGTATCAGAAAGTCTTGCATATCAGTATCCTGATTACGATGAAGGCATCACTAAGTATACGGAAGGTATTTATTGCTCAGTAAAGTGA
gb|U00096.3|-|3203309-3204131|ARO:3002986|bacA	(11779) 43403+ (12593)	815	99.5134%	99.5134%	83.56%	126	6	99.6333%	-3	0	ATGAGTGATATGCACTCGCTGCTGGTGGCGGCAATTTTGGGTGTGGTCGAAGGATTGACGGAGTTTTTACCCGTTTCCAGTACCGGCCATATGATTATTGTTGGCCACTTGCTGGGTTTTGAGGGTGACACCGCAAAAACATTTGAGGTGGTTATCCAGTTGGGCTCTATCCTGGCGGTCGTGGTGATGTTCTGGCGACGCCTGTTTGGCCTGATTGGCATTCACTTCGGTAAGGTCCCACATGAAGGCACTGGCAAAGGTCGGCTGACGCTGGGCCATATTCTGTTGGGGATGGTTCCTGCCGTCGTACTGGGACTGATTTTCCACGACATCATCAAATCGCTGTTTAACCCGATCAACGTCATGTATGCGCTGGTGGTAGGGGGCGTGCTGCTGATTGCCGCAGAATGCCTGAAGCCGAAAGAGCCGCGTGCCCCGGGTCTGGATGATATGACCTATCGCCAGGCGTTTATGATTGGCTGTTTCCAGTGTCTGGCGCTGTGGCCGGGTTTTTCTCGTTCAGGGGCGACGATTTCTGGCGGTATGCTGATGGGAGTAAGCCGTTACGCGGCCTCCGAATTCTCCTTCCTGCTGGCCGTGCCGATGATGATGGGCGCAACGGCGCTGGATCTCTACAAAAGCTGGACGTTCCTCAGCGCATCAGATATTCCGATGTTTGCAGTTGGTTTCGTGACGGCGTTTATCGTGGCGTTGGTGGCGATCAAAACCTTCCTACAGCTGATTAAGCGCATCTCGTTTATTCCGTTTGCGATTTACCGCTTTATTGTGGCGGCTGCCGTTTACGTCGTGTTCTT
gb|U00096.3|-|3203309-3204131|ARO:3002986|bacA	(2648) 2031527+ (3460)	813	99.2701%	99.2701%	80.34%	152	7	99.6324%	-3	3e-173	GATGTGCATTCACTGGTGATAGCCGCCATTCTTGGGGTTGTCGAGGGGCTCACCGAGTTCCTGCCCGTATCCAGCACTGGACATATGATTATCGTCGGTCATCTGCTGGGGTTTGAAGGCGATACGGCAAAAACATTCGAAGTGGTGATTCAGCTTGGCTCCATTCTCGCTGTGGTGGTGATGTTCTGGCGTCGTCTGTTTGGCCTGATAGGTATTCATTTTGGCCCGAAGCCGCACGAAGGCGAGGGCAGCGCACGGCTGTCGCTGATTCATATTCTGCTTGGCATGATCCCGGCGGTGGTGCTGGGGCTGGTGTTCCATGACGCCATCAAATCGCTGTTTAACCCGGTGAACGTCATGTACGCGCTGGTGGTGGGCGGTCTGCTGCTGATTGCCGCTGAATGCTTCAAGCCAAAAGAGCCACGCGCGGTCGGCGTTGACGATATGACGTACCGTCAGGCGTTTATGATTGGCTGCTTTCAGTGTCTGGCGCTATGGCCGGGGTTTTCACGCTCAGGTGCCACCATTTCCGGCGGTATGTTGGTGGGCGTAAGCCGCTATGCGGCCTCAGAGTTCTCTTTTTTGCTGGCGGTGCCGATGATGATGGGCGCAACGGCGCTGGATCTCTATAAAAGCTGGGGATTCCTGACGCTGGCCGACCTGCCGATGTTTGCCGTGGGCTTTGTCACGGCGTTTATCGTGGCGTTAATTGCTATCAAGACCTTCCTGCAGCTGATTAAGCGTATTTCTTTTATCCCGTTTGCCATCTACCGCTTTATTGTGGCGGCAGCGGTGTACGTGGTGTTCTTCTAA
gb|U60294|+|0-765|ARO:3003099|cphA2	(157110) 49189- (157874)	765	100%	100%	95.56%	34	0	100%	0	0	ATGATGAAAGGTTGGATGAAGTGCGGGCTGGCCGGGGCCCTGGTGCTGATGGCGAGTTTCTGGGGTGGCAGCGTGCGGGCGGCGGGGATGTCGCTGACGCAGGTGAGCGGCCCTGTCTATGTTGTCGAAGATAACTACTACGTACAGGAAAACTCCATGGTCTATTTCGGGGCCAAGGGGGTGACGGTAGTGGGGGCGACCTGGACGCCGGATACCGCCCGCGAGCTGCACAAGCTGATCAAACGGGTGAGCCGCAAGCCGGTGCTGGAGGTGATCAACACCAACTACCACACCGACCGGGCGGGCGGTAACGCCTACTGGAAGTCCATCGGGGCCAAGGTGGTATCGACGCGCCAGACCCGGGATCTGATGAAGAGCGACTGGGCCGAGATTGTCGCCTTTACCCGCAAGGGGTTGCCGGAGTACCCGGATCTGCCGCTGGTGCTGCCCAACGTGGTGCACGATGGCGACTTCACCCTGCAAGAGGGCAAGCTGCGCGCCTTCTACCTGGGCCCGGCTCACACCCCGGACGGCATCTTTGTCTACTTCCCCGACCAGCAGGTGCTCTATGGCAACTGCATCCTCAAGGAGAAGCTGGGCAACCTGAGCTTTGCCGATGTGAAGGCCTATCCACAGACACTTGAGCGGCTCAAGGCGATGAAGCTGCCGATCAAGACGGTGGTGGGCGGTCACGACTCGCCGCTGCACGGGCCTGAGCTTATCGATCACTACGAGGCGCTGATCAAGGCCGCACCCCAGTCATAA
gb|AP009048|-|4338624-4340268|ARO:3003576|eptA	(2702) 117799-, 1321+ (1274)	1644	100%	100%	93.5809%	109	0	100%	0	0	ATGTTGAAGCGCCTACTAAAAAGACCCTCTTTGAATTTACTCGCCTGGCTATTGTTAGCCGCTTTTTATATCTCTATCTGCCTGAATATTGCCTTTTTTAAACAGGTGTTGCAGGCGCTGCCGCTGGACTCGCTGCATAACGTACTGGTTTTCTTGTCGATGCCGGTCGTCGCCTTCAGCGTGATTAATATTGTCCTGACACTAAGCTCTTTCTTGTGGCTTAATCGACCGCTGGCCTGCCTGTTTATTCTGGTTGGCGCGGCTGCACAATATTTCATAATGACTTACGGCATCGTCATCGACCGCTCGATGATTGCCAATATTATTGATACCACTCCGGCAGAAAGTTATGCGTTGATGACGCCGCAAATGTTATTAACGCTGGGATTCAGCGGCGTGCTTGCTGCGCTGATTGCCTGCTGGATCAAAATCAAACCCACCACCTCACGCCTGCGCAGCGTTCTTTTCCGCGGGGCCAACATCCTGATTTCTGTACTGCTGATTCTGCTGGTTGCCGCACTGTTCTACAAAGACTATGCATCGCTGTTTCGCAACAACAAAGAACTGGTGAAATCCTTAAGCCCGTCCAACAGCATTGTTGCTAGCTGGTCGTGGTACTCTCACCAGCGGTCAGCCAACCTGCCACTGATACGCATTGGTGAAGATGCTCACCGCAACCCATTAATGCAAAATGGGAAACGCAAAAACCTGACCATTTTGATCGTCGGAGAAACGTCGCGCGCAGAGAATTTCTCGCTGAATGGTTATCCACGCGAAACCAATCCTCGCCTGGCAAAAGATAACGTGGTCTATTTCCCTAATACCGCCTCTTGTGGCACAGCAACAGCCGTCTCAGTGCCGTGCATGTTCTCGGATATGCCGCGTGAGCACTACAAAGAAGAGCTGGCACAGCACCAGGAAGGCGTGCTGGATATCATTCAGCGAGCGGGCATCAACGTGCTGTGGAATGACAACGATGGCGGCTGTAAAGGCGTTTGCGATCGCGTACCTCACCAGAACGTCACCGCGCTGAACCTGCCTGGTCAGTGCATCAACGGCGAATGCTATGACGAAGTGCTGTTCCACGGGCTGGAAGAGTACATCAATAATCTGCAAAGCGATGGCCTCATTGTATTACACACTATCGGCAGCCACGGCCCGACCTATTACAACCGCTATCCGCCGCAGTTCAGGAAATTTACCCCAACCTGCGACACTAACGAGATCCAGACCTGTACCCAAGAGCAACTGGTGAACACTTACGACAACACGCTGGTTTACGTCGACTATATTGTTGATAAAGCGATTAATCTGCTGAAAGAACATCAGGATAAATTTACCACCAGCCTGGTTTATCTTTCTGACCACGGTGAATCGTTAGGTGAAAATGGCATCTATCTGCACGGTCTGCCTTATGCCATCGCCCCGGATAGCCAAAAACAGGTGCCGATGCTGCTGTGGCTGTCGGAGGATTATCAAAAACGGTATCAGGTTGACCAGAACTGCCTGCAAAAACAGGCGCAAACGCAACACTATTCACAAGACAATTTATTCTCAACCTTATTGGGCCTGACTGGCGTTGAGACGAAGTATTACCAGGCTGCGGATGATATTCTGCAAACTTGCAGGAGAGTGAGTGAATGA
gb|AP009048|-|4338624-4340268|ARO:3003576|eptA	(5041) 2066994+ (6593)	1553	94.4647%	94.4647%	79.65%	307	10	100%	0	0	CCTGAACATTGCGTTCTATAAACAAGTGCTGCAAGCCCTGCCGCTGGATTCCGTGCGTAACGTGCTGGTGTTTTTGTCGATGCCGGTCGTCGCTTTCAGCGTCATGAACATTGTGCTGACGCTGGCCTCATTCCTGTGGCTTAATCGCCTGGTGGCCTGCGTTTTCATTCTGGTTGGCGCATCGGCCCAATATTTCATCATGACCTACGGCATCATCATTGACCGCTCGATGATCGCCAATATGATGGACACCACACCCGCCGAAACCTTTGCTTTGCTGACGCCGCAAATGCTCATCACGCTCGGAGTGAGCGGCATTCTCGCCGCGCTCATTGCCTGCTGGATAAGAATCAAACCGATCGCCCCGGCCATGCGCAGCGTACTGTTCCGTGGCGCGAATATTCTGATCTCCGCGCTGCTGATCGTGCTGGTCGCCGCGTTCTTCTACAAAGATTACGCCTCACTGTTTCGCAACAATAAAGAACTGGTGAAATCCCTCAGCCCATCCAACAGCATTGTGGCGACCTCTTCCTGGTATTCACACCAAAGGCTGGCCCACCTGCCGCTGGTGCGCATTGGCGAAGACGCCCATCGCAATCCGTTGATGGTGAAAGAAAAGCGTAAGAACCTGACGATTGTGGTTCTCGGCGAGACCTCACGCGGCGATAACTTCTCGCTGTCAGGCTATTCGCGCCAGACCAACCCGTTGCTGGAAAAAGATGATGTAGTCTATTTCCCCCGCACCACATCCTGCGGAACGGCAACGGCAGTATCTGTCCCCTGCATGTTCTCGGGTATGCCACGCGCGCACTACGATGAAGAACTGGCGCAGCATCAGGAAGGCGTGCTCGACATTATTCAGCGGGCGGGAATTAACGTTCTGTGGAACGATAACGACGGCGGCTGCAAAGGGGCATGCGACCGGGTACCGCACCAGAATATGACTAAGCTGAACCTGCCAGGGCAGTGTATTGACGGGGAATGCTACGATGACGTGCTGTTCCACGGGCTGGAAGAGTACATTAATAACCTGCAAGGCGACGGCGTGATTGTGCTGCACACCATCGGCAGCCACGGTCCGACCTATTACAACCGCTATCCTGCGCAGTTCAAGAAATTTACGCCAACCTGTGACACCAACGAAATCCAGACGTGTTCACAGCAACAGTTGGTCAATACCTATGACAACACCATTCTTTACGTCGACTATATTGTTGATAAAGCAATCAATATACTGAAAGAGCATCAGGATAATTTTACCACCAGCCTGGTCTACCTTTCCGATCACGGTGAATCCTTAGGGGAAAATGGCATCTATTTACACGGCCTGCCGTATTCGATTGCACCAGATACGCAAAAACATGTGCCGATGCTGCTGTGGCTCTCAGAAGATTATCAGCAACGCTATCAAGTCTCTCAGGCATGTTTGCAAAAACGGGCAGGCTCAGAGGACTTCTCACAGGATAATTTCTTCTCAACCCTGCTGGGATTAACAGGCGTGCAAACACAGAAATATCAGGCGGCAGATGATATTCTGCAACCCTGCCGGGGAG
gb|AJ548797|+|923-1688|ARO:3003094|imiH	(157110) 49189- (157874)	765	100%	100%	95.29%	36	0	100%	0	0	ATGATGAAAGGTTGGATGAAGTGCGGGCTGGCCGGGGCCCTGGTGCTGATGGCGAGTTTCTGGGGTGGCAGCGTGCGGGCGGCGGGGATGTCGCTGACGCAGGTGAGCGGCCCTGTCTATGTTGTCGAAGATAACTACTACGTACAGGAAAACTCCATGGTCTATTTCGGGGCCAAGGGGGTGACGGTAGTGGGGGCGACCTGGACGCCGGATACCGCCCGCGAGCTGCACAAGCTGATCAAACGGGTGAGCCGCAAGCCGGTGCTGGAGGTGATCAACACCAACTACCACACCGACCGGGCGGGCGGTAACGCCTACTGGAAGTCCATCGGGGCCAAGGTGGTATCGACGCGCCAGACCCGGGATCTGATGAAGAGCGACTGGGCCGAGATTGTCGCCTTTACCCGCAAGGGGTTGCCGGAGTACCCGGATCTGCCGCTGGTGCTGCCCAACGTGGTGCACGATGGCGACTTCACCCTGCAAGAGGGCAAGCTGCGCGCCTTCTACCTGGGCCCGGCTCACACCCCGGACGGCATCTTTGTCTACTTCCCCGACCAGCAGGTGCTCTATGGCAACTGCATCCTCAAGGAGAAGCTGGGCAACCTGAGCTTTGCCGATGTGAAGGCCTATCCACAGACACTTGAGCGGCTCAAGGCGATGAAGCTGCCGATCAAGACGGTGGTGGGCGGTCACGACTCGCCGCTGCACGGGCCTGAGCTTATCGATCACTACGAGGCGCTGATCAAGGCCGCACCCCAGTCATAA
gb|U00096.3|-|721055-721733|ARO:3003841|kdpE	(195) 75074+ (867)	673	99.2625%	99.2625%	95.99%	27	0	100%	0	0	GTGACAAACGTTCTGATTGTTGAAGATGAACAGGCTATTCGTCGCTTTCTGCGCACGGCGCTGGAGGGCGACGGTATGCGCGTCTTTGAGGCCGAAACGCTGCAACGCGGCTTGCTGGAAGCGGCAACCCGTAAGCCAGATTTGATTATTCTCGATCTCGGCCTGCCCGACGGTGATGGGATTGAGTTTATCCGCGACCTGCGCCAGTGGAGCGCGGTGCCGGTGATTGTGCTTTCCGCACGCAGCGAAGAGAGCGATAAAATCGCCGCGCTGGATGCCGGAGCGGATGATTATCTGAGTAAGCCGTTTGGCATTGGCGAATTGCAGGCCCGTCTGCGCGTCGCATTACGCCGCCACTCCGCCACCACCACGCCCGATCCGCTGGTGAAATTTTCCGATGTTACCGTCGATTTAGCAGCTCGTGTGATCCATCGGGGCGAGGAAGAGGTGCATCTCACCCCGATTGAGTTCCGCCTGCTGGCAGTGTTGCTTAATAATGCGGGAAAAGTGCTCACCCAGCGCCAGCTCCTCAACCAGGTGTGGGGGCCAAACGCGGTCGAACACAGTCATTATTTGCGTATTTATATGGGGCATCTGCGACAAAAACTGGAGCAGGATCCCGCCCGCCCCCGCCATTTTATTACTGAAACCGGTATTGGGTATCGGTTTATGC
gb|AJ579365.1|+|4149-5628|ARO:3003111|lsaB	(1201) 28670955- (2679)	1479	100%	100%	95.88%	61	0	100%	0	0	ATGTCAATGATACAAGTACAAAATTTAACTTTCTCTTATCCGAGTAGTTTTGATAATATTTTTGAAGATATAAGCTTTCAAATTGATACAGATTGGAAGCTTGGATTTATTGGTCGAAATGGACGAGGGAAAACAACGTTCTTTAATTTATTACTAGGTAAATTTGAATATAAGGGGAAAATCATTTCTTCGGTCGATTTTAACTACTTCCCATATCCAGTAGAAGATAAAAGTAAGTATACGCATGAAATTTTAGAAGAAATATGCCCTCAAGCTGAGGACTGGGAATTTCTTCGAGAAATAGCTTATTTAAATGTGGATGCCGAAGCCATGTACCGCCCATTTGAAACTTTATCAAACGGTGAACAAACAAAGGTATTGCTTGCTGCTCTATTTTTAAACGAAGGGCAATTTTTATTAATTGATGAACCAACAAATCATTTAGATACTGAAGCTCGTAAGATGGTTTCTAATTACTTGAGGAAGAAAAAAGGGTTTATTTTAATTTCTCATGACCGTAACTTTTTAGATGGTTGTGTTGATCATATCTTGTCTATAAATAGAGCAGATATTGAGGTTCAAAGTGGAAATTATTCTTCATGGAAGTTGAACTTTGACCGACAGCAGGAACATGAACAAGCAACAAATGAACGCTTGCAGAAGGATATTGGACGGTTAAATCAATCTTCAAAACGTTCGGCTGGTTGGTCTAACCAAGTCGAAGCTTCAAAAAATGCAACAACGAATTCTGGTTCTAAATTGGACAAAGGTTTTGTAGGGCATAAAGCAGCAAAATTGATGAAACGCTCTAAGAACCTTGAGGCTCGACAACAAAAAGCGATTGAAGAAAAGTCGAAGCTTCTAAAAAACATTGAAAAAACGGAGTCCTTACAGTTAGAATCGATGGAATATAAATCGAAGGAACTCATTCAATTAACAGATGTGTCTGTAATGTATGATGGTCAAGTTGTCAACAAACCAATAAGTTTTAATGTTGAACAAGGAGATAGAATTGTACTGGACGGAAAGAACGGCAGTGGAAAAAGTAGTATTTTAAAATTAATTTTAGGCGATCCAATACAGCATACAGGCACGTCAAATAAGGGTTCTAATCTGATAATTTCTTATGTTCAGCAAGACACCTCTCATTTAAAGGGGATGCTATCTGACTTTATTGAAGAAAATGAGATTGATGAAACGTTGTTTAAGTCCATTTTGAGAAAGATGGATTTTGACCGAATACAGTTTGAAAAAGATATATCTCATTATTCAGGTGGTCAGAAGAAAAAATTGCTTATCGCTAAAAGTTTATGTGAAAAAGCTCACCTGTATATTTGGGATGAACCATTAAACTTTATTGATATTTACTCTCGCATGCAAATTGAAGAGCTTATTCAAACCTTTAATCCGACTATAGTTTTTGTTGAACATGACCAGACCTTCCAAGAGACAATATCAACAAAAACAATAAAAATGTAA
gb|CP010314.1|+|275837-276758|ARO:3004541|mphK	(72781) 2066834+ (73701)	921	100%	100%	99.46%	5	0	100%	0	0	ATGACAAACCTTAACGAAAAACCGCTTATCACTGAGATTGTCGGGCTTGCACGCAGCCAAGGTTTGACGGTTCATTCTGAGAACGCGCAATTGAATGAAACCGGAATGGACTTTCAAGTTGTATTTGCCAAGGACGACACAGGTATGCCATGGGTGCTGCGAAAACCGCGGCGAAGTGATGTTGTGGAAAGAGCATCTGCAGAAGGCATAACGCTTGCCTTTCTCCGCGCGAATCTGACTGCTGATGTGCCGGATTGGAGAATTCATACACCGGAATTGATCGCTTACCCAATGTTAAAAGGAACGCCGGCTGCTGGAATTGACTTGGAACAAAAGCAATATGTATGGAATATGGATCATCAGCCGCCGTCAGACGACTTTGTCCGCACACTTGCCGACATACTGGCTGAATTACATGGCACGGATCAAATATCTGCTGGGCAATCCGGAATAGAAGTGATAAGGCCAGAAGATTTCAGGCAAATGACAGCAGACTCTATGGTTGATGTGAAGAATAAGCTTGGCGTATCTACGACGCTTTGGGAAAGATGGCAAAAGTGGATAGATGATGATGCATACTGGCCGGGTTTCTCTTCTTTGATACACGGCGATCTCCACCCGCCGCATATCCTTATCGATCAAAATGGACGTGTCACAGGACTTCTGGATTGGACAGAAGCGAAGGTTGCTGACCCAGCTAAGGATTTTGTTCTTTATCAAACCATTTTCGGAGAAAAAGAAACTGCCCGTTTGCTTGAATACTATGATCAAGCAGGCGGCCGAATATGGGCAAAAATGCAGGAACACATTTCAGAGATGCAGGCGGCGTATCCGGTGGAAATCGCCAAGCTAGCTCTGCAAACACAGCAGGAGGAACACATCAATATGGCGCTGGAAGCACTTGGTGTAACATCGGATTAA
gb|U00096|+|2367070-2368039|ARO:3003578|pmrF	(1829) 116192- (2797)	969	100%	100%	97.63%	23	0	100%	0	0	ATGTTTGAAATCCACCCTGTTAAGAAAGTCTCGGTGGTTATTCCCGTTTATAACGAGCAGGAAAGCTTACCGGAATTAATCAGGCGCACCACCGCAGCCTGTGAATCACTGGGGAAAGAGTATGAAATCCTGCTGATTGATGACGGCAGTAGCGATAATTCCGCGCATATGCTGGTCGAAGCCTCACAAGCGGAGGGCAGCCATATTGTGTCTATCTTGCTTAACCGCAATTACGGGCAACATTCAGCGATTATGGCGGGATTCAGTCACGTCACCGGCGACTTAATTATTACCCTCGATGCCGATCTCCAGAATCCGCCAGAGGAAATCCCCCGTCTGGTGGCAAAAGCCGATGAAGGTTACGACGTGGTAGGGACTGTACGCCAGAACCGCCAGGACAGCTGGTTTCGTAAAACCGCTTCAAAGATGATTAACCGGCTTATTCAGCGCACCACAGGCAAAGCGATGGGTGACTATGGTTGTATGCTGCGCGCCTATCGCCGTCATATTGTCGATGCGATGTTGCACTGCCATGAACGCAGCACCTTTATCCCGATTCTGGCGAATATCTTCGCCCGCCGTGCCATTGAAATTCCAGTGCACCATGCCGAGCGTGAGTTTGGTGAATCCAAATACAGCTTTATGCGCCTGATTAATTTGATGTACGACCTGGTGACCTGTCTTACCACAACGCCGCTACGTATGTTGAGTTTGCTCGGCAGCATTATTGCGATTGGAGGTTTTAGCATTGCGGTGCTGCTGGTGATTTTACGCCTGACCTTCGGACCACAATGGGCGGCAGAAGGCGTCTTTATGCTATTTGCCGTGCTGTTTACTTTTATTGGCGCTCAGTTTATCGGCATGGGATTGCTCGGTGAATATATCGGCAGGATCTACACCGATGTCCGCGCCCGCCCCCGCTATTTTGTTCAGCAAGTTATCCGTCCATCCAGCAAGGAAAATGAATAA
gb|U00096|+|2367070-2368039|ARO:3003578|pmrF	(7604) 2076530- (8527)	924	95.356%	95.356%	80.22%	181	2	100%	0	0	AAAGTCTCGGTGGTCATTCCCGTTTTTAATGAACAGGAAAGCTTGCCAGAGTTAATCAGACGTACCAGCGCTGCCTGCGAAAAATTGGGCAAAGACTATGAAATTCTGCTAATTGATGACGGCAGCAACGACCATTCCGCACAGCTGATGATGGATGCTTCCCAGGCACCGAACAGCCATATTGTTTCTATTTTATTGAATCGCAATTACGGGCAACACTCGGCGATTATGGCCGGTTTCAGTCATGTCACCGGCGACGTGATCATCACACTGGATGCCGATTTGCAAAACCCGCCGGAGGAGATCCCACGGCTGGTCGCCACCGCAGATGAAGGCTTCGATGTGGTCGGCACGGTACGTCAGAACCGTCAGGACAGCGTATTTCGTAAGACCGCATCGCGAATGATTAACCATCTGATTCAGCGCACCACCGGTAAAGCGATGGGCGACTACGGTTGCATGTTACGCGCTTATCGCCGCCACATCGTCGATGCCATGCTGCATTGCCAGGAGCGCAGTACCTTTATCCCGATTCTGGCCAACATTTTTGCCCGGCGCGCTACGGAAATCCCGGTACACCATGCAGAGCGAGAATTTGGTGACTCCAAATACAGCTTTATGCGTCTGATCAACCTGATGTATGACCTGGTGACCTGTCTGACCACAACGCCACTTCGTATGTTGAGCCTGTTGGGCAGCGTAATCGCCGCCACTGGCTTTATCTTGTCTATCCTGCTTGTGGTTCTGCGTCTGACGCTCGGTCCACAGTGGGCCGCGGAAGGGGTATTCATGCTGTTTGCCGTCCTGTTTACCTTTATCGGCGCACAGTTTATTGGCATGGGTTTACTCGGCGAATATATCGGTCGCATCTATAACGATGTCCGCGCCCGCCCCCGCTATTTTGTTCAACACGTTATCCGCCCA
gb|AY055428.1|-|20268-21084|ARO:3000412|sul2	(303) 48835- (1118)	816	100%	100%	100%	0	0	100%	0	0	ATGAATAAATCGCTCATCATTTTCGGCATCGTCAACATAACCTCGGACAGTTTCTCCGATGGAGGCCGGTATCTGGCGCCAGACGCAGCCATTGCGCAGGCGCGTAAGCTGATGGCCGAGGGGGCAGATGTGATCGACCTCGGTCCGGCATCCAGCAATCCCGACGCCGCGCCTGTTTCGTCCGACACAGAAATCGCGCGTATCGCGCCGGTGCTGGACGCGCTCAAGGCAGATGGCATTCCCGTCTCGCTCGACAGTTATCAACCCGCGACGCAAGCCTATGCCTTGTCGCGTGGTGTGGCCTATCTCAATGATATTCGCGGTTTTCCAGACGCTGCGTTCTATCCGCAATTGGCGAAATCATCTGCCAAACTCGTCGTTATGCATTCGGTGCAAGACGGGCAGGCAGATCGGCGCGAGGCACCCGCTGGCGACATCATGGATCACATTGCGGCGTTCTTTGACGCGCGCATCGCGGCGCTGACGGGTGCCGGTATCAAACGCAACCGCCTTGTCCTTGATCCCGGCATGGGGTTTTTTCTGGGGGCTGCTCCCGAAACCTCGCTCTCGGTGCTGGCGCGGTTCGATGAATTGCGGCTGCGCTTCGATTTGCCGGTGCTTCTGTCTGTTTCGCGCAAATCCTTTCTGCGCGCGCTCACAGGCCGTGGTCCGGGGGATGTCGGGGCCGCGACACTCGCTGCAGAGCTTGCCGCCGCCGCAGGTGGAGCTGACTTCATCCGCACACACGAGCCGCGCCCCTTGCGCGACGGGCTGGCGGTATTGGCGGCGCTGAAAGAAACCGCAAGAATTCGTTAA
gb|AJ222769.3|+|3686-5606|ARO:3000194|tetW	(565) 136860+ (2484)	1920	100%	100%	98.8%	23	0	100%	0	0	ATGAAAATAATCAATATTGGAATTCTTGCCCATGTAGACGCTGGAAAGACGACCTTGACGGAGAGCCTGCTATATGCCAGCGGAGCCATTTCAGAACCGGGGAGCGTCGAAAAAGGGACAACGAGGACGGACACCATGTTTTTGGAGCGGCAGCGTGGGATTACCATTCAAGCGGCAGTCACTTCCTTCCAGTGGCACAGATGTAAAGTCAACATTGTGGATACGCCCGGCCACATGGATTTTTTGGCGGAGGTGTACCGCTCTTTGGCTGTTTTAGATGGGGCCATCTTGGTGATCTCCGCTAAAGATGGCGTGCAGGCCCAGACCCGTATTCTGTTCCATGCCCTGCGGAAAATGAACATTCCCACCGTTATCTTTATCAACAAGATCGACCAGGCTGGCGTTGATTTGCAGAGCGTGGTTCAGTCTGTTCGGGATAAGCTCTCCGCCGATATTATCATCAAGCAGACGGTGTCGCTGTCCCCGGAAATAGTCCTGGAGGAAAATACCGACATAGAAGCATGGGATGCGGTCATCGAAAATAACGATGAATTATTGGAAAAGTATATCGCAGGAGAACCAATCAGCCGGGAAAAACTTGCGCGGGAGGAACAGCAGCGGGTTCAAGACGCCTCCCTGTTCCCAGTCTATCATGGCAGCGCCAAAAATGGCCTTGGCATTCAACCGTTGATGGATGCGGTGACAGGGCTGTTCCAACCGATTGGGGAACAGGGGAGCGCCGCCCTATGCGGCAGCGTTTTCAAGGTGGAGTATACAGATTGCGGCCAGCGGCGTGTCTATCTACGGCTATACAGCGGAACGCTGCGCCTGCGGGATACGGTGGCCCTGGCCGGGAGAGAAAAGCTGAAAATCACAGAGATGCGTATTCCATCCAAAGGGGAAATTGTTCGGACAGACACCGCTTATCCGGGTGAAATTGTTATCCTTCCCAGCGACAGCGTGAGGTTAAACGATGTATTAGGGGACCCAACCCGGCTCCCTCGTAAAAGGTGGCGTGAGGACCCCCTCCCCATGCTGCGGACGTCGATTGCGCCGAAAACGGCAGCGCAAAGAGAACGGCTGCTGGACGCTCTTACGCAACTTGCGGATACTGACCCGCTTTTGCGCTGCGAGGTGGATTCCATCACCCATGAGATCATTCTTTCTTTTTTGGGCCGGGTGCAGTTGGAGGTTGTTTCCGCTTTGCTGTCGGAAAAATACAAGCTTGAAACAGTGGTAAAGGAACCCACCGTCATTTATATGGAGCGGCCGCTCAAAGCAGCCAGCCACACCATCCATATCGAGGTGCCGCCCAACCCGTTTTGGGCATCCATCGGACTGTCTGTTACACCACTCCCGCTTGGCTCCGGTGTACAATACGAGAGCCGGGTTTCGCTGGGATACTTGAACCAGAGTTTTCAAAACGCTGTCAGGGATGGTATCCGTTACGGGCTGGAGCAGGGCTTGTTCGGCTGGAACGTAACGGACTGTAAGATTTGCTTTGAATACGGGCTTTATTACAGTCCGGTCAGCACGCCGGCGGACTTCCGCTCATTGGCCCCGATTGTATTGGAACAGGCATTGAAGGAATCGGGGACGCAGCTGCTGGAACCTTATCTCTCCTTCATCCTCTATGCGCCCCAGGAATACCTTTCCAGGGCTTATCATGATGCACCGAAATACTGTGCCACCATCGAAACGGCCCAGGTAAAAAAGGATGAAGTTGTCTTTACTGGCGAGATTCCCGCCCGCTGTATACAGGCATACCGTACTGATCTGGCCTTTTACACCAACGGGCAGAGCGTATGCCTTACAGAACTGAAAGGGTATCAGGCCGCTGTCGGCAAGCCAGTCATCCAGCCCCGCCGTCCAAACAGCCGCCTGGACAAGGTGCGCTATATGTTTCAGAAGATAATGTAA
gb|KU736867.1|+|19653-21573|ARO:3004442|tet(W/N/W)	(565) 136860+ (2477)	1913	99.6354%	99.6354%	96.45%	66	2	100%	0	0	ATGAAAATAATCAATATTGGAATTCTTGCCCATGTAGACGCTGGAAAGACGACCTTGACGGAGAGCCTGCTATATGCCAGCGGAGCCATTTCAGAACCGGGGAGCGTCGAAAAAGGGACAACGAGGACGGACACCATGTTTTTGGAGCGGCAGCGTGGGATTACCATTCAAGCGGCAGTCACTTCCTTCCAGTGGCACAGATGTAAAGTCAACATTGTGGATACGCCCGGCCACATGGATTTTTTGGCGGAGGTGTACCGCTCTTTGGCTGTTTTAGATGGGGCCATCTTGGTGATCTCCGCTAAAGATGGCGTGCAGGCCCAGACCCGTATTCTGTTCCATGCCCTGCGGAAAATGAACATTCCCACCGTTATCTTTATCAACAAGATCGACCAGGCTGGCGTTGATTTGCAGAGCGTGGTTCAGTCTGTTCGGGATAAGCTCTCCGCCGATATTATCATCAAGCAGACGGTGTCGCTGTCCCCGGAAATAGTCCTGGAGGAAAATACCGACATAGAAGCATGGGATGCGGTCATCGAAAATAACGATGAATTATTGGAAAAGTATATCGCAGGAGAACCAATCAGCCGGGAAAAACTTGCGCGGGAGGAACAGCAGCGGGTTCAAGACGCCTCCCTGTTCCCAGTCTATCATGGCAGCGCCAAAAATGGCCTTGGCATTCAACCGTTGATGGATGCGGTGACAGGGCTGTTCCAACCGATTGGGGAACAGGGGAGCGCCGCCCTATGCGGCAGCGTTTTCAAGGTGGAGTATACAGATTGCGGCCAGCGGCGTGTCTATCTACGGCTATACAGCGGAACGCTGCGCCTGCGGGATACGGTGGCCCTGGCCGGGAGAGAAAAGCTGAAAATCACAGAGATGCGTATTCCATCCAAAGGGGAAATTGTTCGGACAGACACCGCTTATCCGGGTGAAATTGTTATCCTTCCCAGCGACAGCGTGAGGTTAAACGATGTATTAGGGGACCCAACCCGGCTCCCTCGTAAAAGGTGGCGTGAGGACCCCCTCCCCATGCTGCGGACGTCGATTGCGCCGAAAACGGCAGCGCAAAGAGAACGGCTGCTGGACGCTCTTACGCAACTTGCGGATACTGACCCGCTTTTGCGCTGCGAGGTGGATTCCATCACCCATGAGATCATTCTTTCTTTTTTGGGCCGGGTGCAGTTGGAGGTTGTTTCCGCTTTGCTGTCGGAAAAATACAAGCTTGAAACAGTGGTAAAGGAACCCACCGTCATTTATATGGAGCGGCCGCTCAAAGCAGCCAGCCACACCATCCATATCGAGGTGCCGCCCAACCCGTTTTGGGCATCCATCGGACTGTCTGTTACACCACTCCCGCTTGGCTCCGGTGTACAATACGAGAGCCGGGTTTCGCTGGGATACTTGAACCAGAGTTTTCAAAACGCTGTCAGGGATGGTATCCGTTACGGGCTGGAGCAGGGCTTGTTCGGCTGGAACGTAACGGACTGTAAGATTTGCTTTGAATACGGGCTTTATTACAGTCCGGTCAGCACGCCGGCGGACTTCCGCTCATTGGCCCCGATTGTATTGGAACAGGCATTGAAGGAATCGGGGACGCAGCTGCTGGAACCTTATCTCTCCTTCATCCTCTATGCGCCCCAGGAATACCTTTCCAGGGCTTATCATGATGCACCGAAATACTGTGCCACCATCGAAACGGCCCAGGTAAAAAAGGATGAAGTTGTCTTTACTGGCGAGATTCCCGCCCGCTGTATACAGGCATACCGTACTGATCTGGCCTTTTACACCAACGGGCAGAGCGTATGCCTTACAGAACTGAAAGGGTATCAGGCCGCTGTCGGCAAGCCAGTCATCCAGCCCCGCCGTCCAAACAGCCGCCTGGACAAGGTGCGCTATATGTTTCAGAAGAT
gb|AL009126.3|-|339155-339749|ARO:3003059|tmrB	(46387) 2066834- (46980)	594	100%	100%	98.82%	7	0	100%	0	0	ATGATCATTTGGATAAACGGGGCATTCGGTTCCGGAAAAACACAAACAGCCTTCGAACTGCACAGAAGGCTGAACCCATCTTACGTGTATGATCCCGAGAAATTGGGTTTTGCGCTGCGCTCCATGGTGCCGCAGGAGATCGCAAAGGACGATTTTCAAAGCTATCCTTTATGGCGGGCGTTCAATTACAGTTTGCTAGCTTCTCTGACAGATACATACCGCGGCATCATTATTGTGCCTATGACGATTGTACATCCTGAATACTTCAATGAGATCATCGGCAGGCTCAGACAGGAAGGCAGGATCGTTCACCACTTTACACTAATGGCTTCAAAGGAAACCTTGTTAAAAAGGCTGCGCACCAGAGCAGAAGGAAAAAACTCATGGGCCGCCAAACAAATTGACCGCTGCGTTGAAGGTTTATCATCACCCATTTTTGAGGACCACATTCAAACAGATAACCTGTCGATTCAGGATGTGGCAGAGAACATTGCCGCGAGAGCCGAACTCCCATTAGATCCTGATACAAGAGGCAGCCTCCGAAGGTTCGCCGACAGATTAATGGTAAAGCTGAATCATATCCGCATCAAATAA
gb|U00096|-|2098446-2099613|ARO:3003577|ugd	(523) 827680+, 120721+ (732)	1167	100%	100%	97.8718%	26	0	100%	0	0	ATGAAAATCACCATTTCCGGTACTGGCTATGTCGGCTTGTCAAACGGGCTTCTAATCGCACAAAATCATGAGGTTGTGGCATTAGATATTTTACCGTCACGCGTTGCTATGCTGAATGATCGGATATCTCCTATTGTTGATAAGGAAATTCAGCAGTTTTTGCAATCAGATAAAATACACTTTAATGCCACATTAGATAAAAATGAAGCCTATCGGGATGCTGATTACGTCATCATCGCCACTCCAACCGACTATGATCCTAAAACTAATTATTTCAATACATCGAGTGTAGAATCAGTAATTAAAGACGTAGTTGAGATAAATCCTTATGCGGTTATGGTGATCAAATCAACGGTTCCCGTTGGTTTTACCGCAGCGATGCATAAGAAATATCGCACTGAAAATATTATATTCTCCCCGGAATTTCTCCGTGAGGGTAAAGCCCTTTACGATAATCTCCATCCTTCACGTATTGTCATCGGTGAGCGTTCAGAACGCGCAGAACGTTTTGCTGCTCTGTTACAGGAAGGAGCGATTAAGCAAAATATCCCGACCCTGTTTACCGACTCCACTGAAGCAGAAGCGATTAAACTTTTTGCAAACACCTACCTGGCGATGCGCGTGGCGTACTTTAACGAACTGGATAGCTATGCAGAAAGTTTAGGTCTGAATTCCCGTCAAATAATCGAAGGCGTTTGTCTCGACCCACGTATTGGCAACCATTACAACAATCCGTCGTTTGGTTATGGTGGTTATTGTCTGCCGAAAGATACCAAGCAGTTACTGGCGAACTACCAGACTGTGCCGAATAACCTGATTTCGGCAATTGTCGATGCAAACCGCACGCGTAAAGATTTTATTGCCGATGCCATTTTGTCACGCAAGCCGCAAGTGGTGGGTATTTATCGTCTGATTATGAAGAGCGGTTCAGACAACTTCCGCGCGTCTTCCATTCAGGGGATTATGAAACGTATCAAGGCGAAAGGCGTTGAAGTGATCATTTACGAGCCGGTGATGAAAGAAGACTCATTCTTCAACTCTCGCCTGGAACGTGATCTCGCCACTTTCAAACAACAAGCCGATGTCATTATTTCCAACCGTATGGCAGAAGAGCTTAAGGATGTGGCAGACAAAGTCTACACCCGCGATCTCTTTGGCAGCGACTAA
gb|NC_000964.3|-|604735-606379|ARO:3004476|vmlR	(28759) 1985911+ (30402)	1644	100%	100%	98.48%	25	0	100%	0	0	ATGAAAGAGATCGTAACATTAACAAACGTTAGCTATGAAGTAAAGGATCAAACTGTTTTTAAACATGTAAACGCCAGTGTTCAGCAAGGAGATATCATTGGGATTATCGGAAAAAACGGCGCTGGGAAATCTACGTTGCTGCACCTCATTCACAATGACTTAGCCCCTGCACAGGGTCAAATCCTTCGGAAGGATATAAAACTGGCTTTGGTTGAACAGGAAACCGCGGCGTATTCCTTTGCGGACCAGACACCTGCCGAAAAGAAGTTACTGGAGAAATGGCATGTGCCTCTTCGTGATTTTCATCAGTTAAGCGGCGGTGAAAAACTGAAAGCGCGGCTGGCGAAAGGACTATCAGAGGATGCAGATCTGCTGCTGTTAGATGAACCGACAAACCACCTTGATGAAAAAAGCTTGCAATTTCTCATCCAACAGCTGAAACATTATAACGGCACTGTGATTCTCGTTTCTCACGATCGATATTTTTTAGACGAAGCCGCAACAAAAATATGGTCGCTTGAGGATCAGACGCTGATTGAATTCAAAGGGAATTACTCCGGGTATATGAAGTTCCGGGAGAAGAAAAGACTCACCCAGCAACGTGAATATGAAAAGCAGCAAAAAATGGTCGAACGGATTGAAGCACAAATGAATGAGCTCGCTTCTTGGTCGGAAAAAGCCCATGCTCAATCGACGAAAAAGGAAGGGTTTAAAGAATATCACCGGGTAAAAGCGAAGCGTACGGATGCCCAGATAAAATCCAAGCAGAAGCGGCTTGAAAAAGAGCTGGAAAAAGCAAAGGCGGAACCCGTTACCCCAGAATATACAGTCCGCTTTTCAATCGATACAACCCCCAAAACAGGAAAACGTTTTTTAGAAGTTCAGAATGTAACAAAAGCGTTTGGAGAAAGGACCCTCTTTAAAAACGCAAACTTTACGATTCAGCACGGCGAAAAGGTTGCGATCATAGGCCCCAATGGCAGCGGAAAAACGACATTACTGAATATCATTCTTGGACAGGAAACAGCAGAAGGAAGCGTATGGGTGTCGCCGTCCGCAAACATCGGCTATTTAACGCAGGAGGTGTTTGATTTGCCTTTAGAACAAACACCGGTAGAGTTATTTGAGAATGAAACATTTAAAGCAAGAGGGCACGTTCAAAATCTGATGAGGCACTTAGGTTTTACAGCTGCCCAATGGACTGAACCGATCAAGCATATGAGTATGGGTGAGCGTGTAAAGATCAAACTGATGGCCTATATTCTGGAGGAAAAAGACGTGCTGATTTTAGATGAGCCGACAAACCATCTCGACCTGCCGTCACGCGAACAGCTGGAAGAAACACTGTCACAATACAGCGGCACATTGCTGGCGGTTTCACATGACCGATACTTTCTCGAAAAAACAACAAACAGTAAACTCGTCATCTCGAACAATGGCATCAAAAAGCAGTTAAACGACGCTCCTTCAGAAAGAAATGAGCGGGAGGAGCTTCGGTTAAAGCTTGAGACAGAAAGACAAGAAGTGCTGGGAAAGCTCAGTTTTATGATGCCAAATGATAAAGGGTATAAAGAGCTTGATCAAGCTTTCAATGAGCTTACGAAACGAATAAAAGAGCTGGATCATCAAGACAAAAAAGACTGA
